"Longitude (x)","Latitude (y)","Station Name","Climate ID","Date/Time (UTC)","Year","Month","Day","Time (UTC)","Temp (°C)","Temp Flag","Dew Point Temp (°C)","Dew Point Temp Flag","Rel Hum (%)","Rel Hum Flag","Precip. Amount (mm)","Precip. Amount Flag","Wind Dir (10s deg)","Wind Dir Flag","Wind Spd (km/h)","Wind Spd Flag","Visibility (km)","Visibility Flag","Stn Press (kPa)","Stn Press Flag","Hmdx","Hmdx Flag","Wind Chill","Wind Chill Flag","Weather"
"-79.17","43.19","ST CATHARINES A","6137304","2014-10-01 00:00","2014","10","01","00:00"
"-79.17","43.19","ST CATHARINES A","6137304","2014-10-01 01:00","2014","10","01","01:00"
"-79.17","43.19","ST CATHARINES A","6137304","2014-10-01 02:00","2014","10","01","02:00"
"-79.17","43.19","ST CATHARINES A","6137304","2014-10-01 03:00","2014","10","01","03:00"
"-79.17","43.19","ST CATHARINES A","6137304","2014-10-01 04:00","2014","10","01","04:00"
"-79.17","43.19","ST CATHARINES A","6137304","2014-10-01 05:00","2014","10","01","05:00"
"-79.17","43.19","ST CATHARINES A","6137304","2014-10-01 06:00","2014","10","01","06:00"
"-79.17","43.19","ST CATHARINES A","6137304","2014-10-01 07:00","2014","10","01","07:00"
"-79.17","43.19","ST CATHARINES A","6137304","2014-10-01 08:00","2014","10","01","08:00"
"-79.17","43.19","ST CATHARINES A","6137304","2014-10-01 09:00","2014","10","01","09:00"
"-79.17","43.19","ST CATHARINES A","6137304","2014-10-01 10:00","2014","10","01","10:00"
"-79.17","43.19","ST CATHARINES A","6137304","2014-10-01 11:00","2014","10","01","11:00"
"-79.17","43.19","ST CATHARINES A","6137304","2014-10-01 12:00","2014","10","01","12:00"
"-79.17","43.19","ST CATHARINES A","6137304","2014-10-01 13:00","2014","10","01","13:00"
"-79.17","43.19","ST CATHARINES A","6137304","2014-10-01 14:00","2014","10","01","14:00"
"-79.17","43.19","ST CATHARINES A","6137304","2014-10-01 15:00","2014","10","01","15:00"
"-79.17","43.19","ST CATHARINES A","6137304","2014-10-01 16:00","2014","10","01","16:00"
"-79.17","43.19","ST CATHARINES A","6137304","2014-10-01 17:00","2014","10","01","17:00"
"-79.17","43.19","ST CATHARINES A","6137304","2014-10-01 18:00","2014","10","01","18:00"
"-79.17","43.19","ST CATHARINES A","6137304","2014-10-01 19:00","2014","10","01","19:00"
"-79.17","43.19","ST CATHARINES A","6137304","2014-10-01 20:00","2014","10","01","20:00"
"-79.17","43.19","ST CATHARINES A","6137304","2014-10-01 21:00","2014","10","01","21:00"
"-79.17","43.19","ST CATHARINES A","6137304","2014-10-01 22:00","2014","10","01","22:00"
"-79.17","43.19","ST CATHARINES A","6137304","2014-10-01 23:00","2014","10","01","23:00"
"-79.17","43.19","ST CATHARINES A","6137304","2014-10-02 00:00","2014","10","02","00:00"
"-79.17","43.19","ST CATHARINES A","6137304","2014-10-02 01:00","2014","10","02","01:00"
"-79.17","43.19","ST CATHARINES A","6137304","2014-10-02 02:00","2014","10","02","02:00"
"-79.17","43.19","ST CATHARINES A","6137304","2014-10-02 03:00","2014","10","02","03:00"
"-79.17","43.19","ST CATHARINES A","6137304","2014-10-02 04:00","2014","10","02","04:00"
"-79.17","43.19","ST CATHARINES A","6137304","2014-10-02 05:00","2014","10","02","05:00"
"-79.17","43.19","ST CATHARINES A","6137304","2014-10-02 06:00","2014","10","02","06:00"
"-79.17","43.19","ST CATHARINES A","6137304","2014-10-02 07:00","2014","10","02","07:00"
"-79.17","43.19","ST CATHARINES A","6137304","2014-10-02 08:00","2014","10","02","08:00"
"-79.17","43.19","ST CATHARINES A","6137304","2014-10-02 09:00","2014","10","02","09:00"
"-79.17","43.19","ST CATHARINES A","6137304","2014-10-02 10:00","2014","10","02","10:00"
"-79.17","43.19","ST CATHARINES A","6137304","2014-10-02 11:00","2014","10","02","11:00"
"-79.17","43.19","ST CATHARINES A","6137304","2014-10-02 12:00","2014","10","02","12:00"
"-79.17","43.19","ST CATHARINES A","6137304","2014-10-02 13:00","2014","10","02","13:00"
"-79.17","43.19","ST CATHARINES A","6137304","2014-10-02 14:00","2014","10","02","14:00"
"-79.17","43.19","ST CATHARINES A","6137304","2014-10-02 15:00","2014","10","02","15:00"
"-79.17","43.19","ST CATHARINES A","6137304","2014-10-02 16:00","2014","10","02","16:00"
"-79.17","43.19","ST CATHARINES A","6137304","2014-10-02 17:00","2014","10","02","17:00"
"-79.17","43.19","ST CATHARINES A","6137304","2014-10-02 18:00","2014","10","02","18:00"
"-79.17","43.19","ST CATHARINES A","6137304","2014-10-02 19:00","2014","10","02","19:00"
"-79.17","43.19","ST CATHARINES A","6137304","2014-10-02 20:00","2014","10","02","20:00"
"-79.17","43.19","ST CATHARINES A","6137304","2014-10-02 21:00","2014","10","02","21:00"
"-79.17","43.19","ST CATHARINES A","6137304","2014-10-02 22:00","2014","10","02","22:00"
"-79.17","43.19","ST CATHARINES A","6137304","2014-10-02 23:00","2014","10","02","23:00"
"-79.17","43.19","ST CATHARINES A","6137304","2014-10-03 00:00","2014","10","03","00:00"
"-79.17","43.19","ST CATHARINES A","6137304","2014-10-03 01:00","2014","10","03","01:00"
"-79.17","43.19","ST CATHARINES A","6137304","2014-10-03 02:00","2014","10","03","02:00"
"-79.17","43.19","ST CATHARINES A","6137304","2014-10-03 03:00","2014","10","03","03:00"
"-79.17","43.19","ST CATHARINES A","6137304","2014-10-03 04:00","2014","10","03","04:00"
"-79.17","43.19","ST CATHARINES A","6137304","2014-10-03 05:00","2014","10","03","05:00"
"-79.17","43.19","ST CATHARINES A","6137304","2014-10-03 06:00","2014","10","03","06:00"
"-79.17","43.19","ST CATHARINES A","6137304","2014-10-03 07:00","2014","10","03","07:00"
"-79.17","43.19","ST CATHARINES A","6137304","2014-10-03 08:00","2014","10","03","08:00"
"-79.17","43.19","ST CATHARINES A","6137304","2014-10-03 09:00","2014","10","03","09:00"
"-79.17","43.19","ST CATHARINES A","6137304","2014-10-03 10:00","2014","10","03","10:00"
"-79.17","43.19","ST CATHARINES A","6137304","2014-10-03 11:00","2014","10","03","11:00"
"-79.17","43.19","ST CATHARINES A","6137304","2014-10-03 12:00","2014","10","03","12:00"
"-79.17","43.19","ST CATHARINES A","6137304","2014-10-03 13:00","2014","10","03","13:00"
"-79.17","43.19","ST CATHARINES A","6137304","2014-10-03 14:00","2014","10","03","14:00"
"-79.17","43.19","ST CATHARINES A","6137304","2014-10-03 15:00","2014","10","03","15:00"
"-79.17","43.19","ST CATHARINES A","6137304","2014-10-03 16:00","2014","10","03","16:00"
"-79.17","43.19","ST CATHARINES A","6137304","2014-10-03 17:00","2014","10","03","17:00"
"-79.17","43.19","ST CATHARINES A","6137304","2014-10-03 18:00","2014","10","03","18:00"
"-79.17","43.19","ST CATHARINES A","6137304","2014-10-03 19:00","2014","10","03","19:00"
"-79.17","43.19","ST CATHARINES A","6137304","2014-10-03 20:00","2014","10","03","20:00"
"-79.17","43.19","ST CATHARINES A","6137304","2014-10-03 21:00","2014","10","03","21:00"
"-79.17","43.19","ST CATHARINES A","6137304","2014-10-03 22:00","2014","10","03","22:00"
"-79.17","43.19","ST CATHARINES A","6137304","2014-10-03 23:00","2014","10","03","23:00"
"-79.17","43.19","ST CATHARINES A","6137304","2014-10-04 00:00","2014","10","04","00:00"
"-79.17","43.19","ST CATHARINES A","6137304","2014-10-04 01:00","2014","10","04","01:00"
"-79.17","43.19","ST CATHARINES A","6137304","2014-10-04 02:00","2014","10","04","02:00"
"-79.17","43.19","ST CATHARINES A","6137304","2014-10-04 03:00","2014","10","04","03:00"
"-79.17","43.19","ST CATHARINES A","6137304","2014-10-04 04:00","2014","10","04","04:00"
"-79.17","43.19","ST CATHARINES A","6137304","2014-10-04 05:00","2014","10","04","05:00"
"-79.17","43.19","ST CATHARINES A","6137304","2014-10-04 06:00","2014","10","04","06:00"
"-79.17","43.19","ST CATHARINES A","6137304","2014-10-04 07:00","2014","10","04","07:00"
"-79.17","43.19","ST CATHARINES A","6137304","2014-10-04 08:00","2014","10","04","08:00"
"-79.17","43.19","ST CATHARINES A","6137304","2014-10-04 09:00","2014","10","04","09:00"
"-79.17","43.19","ST CATHARINES A","6137304","2014-10-04 10:00","2014","10","04","10:00"
"-79.17","43.19","ST CATHARINES A","6137304","2014-10-04 11:00","2014","10","04","11:00"
"-79.17","43.19","ST CATHARINES A","6137304","2014-10-04 12:00","2014","10","04","12:00"
"-79.17","43.19","ST CATHARINES A","6137304","2014-10-04 13:00","2014","10","04","13:00"
"-79.17","43.19","ST CATHARINES A","6137304","2014-10-04 14:00","2014","10","04","14:00"
"-79.17","43.19","ST CATHARINES A","6137304","2014-10-04 15:00","2014","10","04","15:00"
"-79.17","43.19","ST CATHARINES A","6137304","2014-10-04 16:00","2014","10","04","16:00"
"-79.17","43.19","ST CATHARINES A","6137304","2014-10-04 17:00","2014","10","04","17:00"
"-79.17","43.19","ST CATHARINES A","6137304","2014-10-04 18:00","2014","10","04","18:00"
"-79.17","43.19","ST CATHARINES A","6137304","2014-10-04 19:00","2014","10","04","19:00"
"-79.17","43.19","ST CATHARINES A","6137304","2014-10-04 20:00","2014","10","04","20:00"
"-79.17","43.19","ST CATHARINES A","6137304","2014-10-04 21:00","2014","10","04","21:00"
"-79.17","43.19","ST CATHARINES A","6137304","2014-10-04 22:00","2014","10","04","22:00"
"-79.17","43.19","ST CATHARINES A","6137304","2014-10-04 23:00","2014","10","04","23:00"
"-79.17","43.19","ST CATHARINES A","6137304","2014-10-05 00:00","2014","10","05","00:00"
"-79.17","43.19","ST CATHARINES A","6137304","2014-10-05 01:00","2014","10","05","01:00"
"-79.17","43.19","ST CATHARINES A","6137304","2014-10-05 02:00","2014","10","05","02:00"
"-79.17","43.19","ST CATHARINES A","6137304","2014-10-05 03:00","2014","10","05","03:00"
"-79.17","43.19","ST CATHARINES A","6137304","2014-10-05 04:00","2014","10","05","04:00"
"-79.17","43.19","ST CATHARINES A","6137304","2014-10-05 05:00","2014","10","05","05:00"
"-79.17","43.19","ST CATHARINES A","6137304","2014-10-05 06:00","2014","10","05","06:00"
"-79.17","43.19","ST CATHARINES A","6137304","2014-10-05 07:00","2014","10","05","07:00"
"-79.17","43.19","ST CATHARINES A","6137304","2014-10-05 08:00","2014","10","05","08:00"
"-79.17","43.19","ST CATHARINES A","6137304","2014-10-05 09:00","2014","10","05","09:00"
"-79.17","43.19","ST CATHARINES A","6137304","2014-10-05 10:00","2014","10","05","10:00"
"-79.17","43.19","ST CATHARINES A","6137304","2014-10-05 11:00","2014","10","05","11:00"
"-79.17","43.19","ST CATHARINES A","6137304","2014-10-05 12:00","2014","10","05","12:00"
"-79.17","43.19","ST CATHARINES A","6137304","2014-10-05 13:00","2014","10","05","13:00"
"-79.17","43.19","ST CATHARINES A","6137304","2014-10-05 14:00","2014","10","05","14:00"
"-79.17","43.19","ST CATHARINES A","6137304","2014-10-05 15:00","2014","10","05","15:00"
"-79.17","43.19","ST CATHARINES A","6137304","2014-10-05 16:00","2014","10","05","16:00"
"-79.17","43.19","ST CATHARINES A","6137304","2014-10-05 17:00","2014","10","05","17:00"
"-79.17","43.19","ST CATHARINES A","6137304","2014-10-05 18:00","2014","10","05","18:00"
"-79.17","43.19","ST CATHARINES A","6137304","2014-10-05 19:00","2014","10","05","19:00"
"-79.17","43.19","ST CATHARINES A","6137304","2014-10-05 20:00","2014","10","05","20:00"
"-79.17","43.19","ST CATHARINES A","6137304","2014-10-05 21:00","2014","10","05","21:00"
"-79.17","43.19","ST CATHARINES A","6137304","2014-10-05 22:00","2014","10","05","22:00"
"-79.17","43.19","ST CATHARINES A","6137304","2014-10-05 23:00","2014","10","05","23:00"
"-79.17","43.19","ST CATHARINES A","6137304","2014-10-06 00:00","2014","10","06","00:00"
"-79.17","43.19","ST CATHARINES A","6137304","2014-10-06 01:00","2014","10","06","01:00"
"-79.17","43.19","ST CATHARINES A","6137304","2014-10-06 02:00","2014","10","06","02:00"
"-79.17","43.19","ST CATHARINES A","6137304","2014-10-06 03:00","2014","10","06","03:00"
"-79.17","43.19","ST CATHARINES A","6137304","2014-10-06 04:00","2014","10","06","04:00"
"-79.17","43.19","ST CATHARINES A","6137304","2014-10-06 05:00","2014","10","06","05:00"
"-79.17","43.19","ST CATHARINES A","6137304","2014-10-06 06:00","2014","10","06","06:00"
"-79.17","43.19","ST CATHARINES A","6137304","2014-10-06 07:00","2014","10","06","07:00"
"-79.17","43.19","ST CATHARINES A","6137304","2014-10-06 08:00","2014","10","06","08:00"
"-79.17","43.19","ST CATHARINES A","6137304","2014-10-06 09:00","2014","10","06","09:00"
"-79.17","43.19","ST CATHARINES A","6137304","2014-10-06 10:00","2014","10","06","10:00"
"-79.17","43.19","ST CATHARINES A","6137304","2014-10-06 11:00","2014","10","06","11:00"
"-79.17","43.19","ST CATHARINES A","6137304","2014-10-06 12:00","2014","10","06","12:00"
"-79.17","43.19","ST CATHARINES A","6137304","2014-10-06 13:00","2014","10","06","13:00"
"-79.17","43.19","ST CATHARINES A","6137304","2014-10-06 14:00","2014","10","06","14:00"
"-79.17","43.19","ST CATHARINES A","6137304","2014-10-06 15:00","2014","10","06","15:00"
"-79.17","43.19","ST CATHARINES A","6137304","2014-10-06 16:00","2014","10","06","16:00"
"-79.17","43.19","ST CATHARINES A","6137304","2014-10-06 17:00","2014","10","06","17:00"
"-79.17","43.19","ST CATHARINES A","6137304","2014-10-06 18:00","2014","10","06","18:00"
"-79.17","43.19","ST CATHARINES A","6137304","2014-10-06 19:00","2014","10","06","19:00"
"-79.17","43.19","ST CATHARINES A","6137304","2014-10-06 20:00","2014","10","06","20:00"
"-79.17","43.19","ST CATHARINES A","6137304","2014-10-06 21:00","2014","10","06","21:00"
"-79.17","43.19","ST CATHARINES A","6137304","2014-10-06 22:00","2014","10","06","22:00"
"-79.17","43.19","ST CATHARINES A","6137304","2014-10-06 23:00","2014","10","06","23:00"
"-79.17","43.19","ST CATHARINES A","6137304","2014-10-07 00:00","2014","10","07","00:00"
"-79.17","43.19","ST CATHARINES A","6137304","2014-10-07 01:00","2014","10","07","01:00"
"-79.17","43.19","ST CATHARINES A","6137304","2014-10-07 02:00","2014","10","07","02:00"
"-79.17","43.19","ST CATHARINES A","6137304","2014-10-07 03:00","2014","10","07","03:00"
"-79.17","43.19","ST CATHARINES A","6137304","2014-10-07 04:00","2014","10","07","04:00"
"-79.17","43.19","ST CATHARINES A","6137304","2014-10-07 05:00","2014","10","07","05:00"
"-79.17","43.19","ST CATHARINES A","6137304","2014-10-07 06:00","2014","10","07","06:00"
"-79.17","43.19","ST CATHARINES A","6137304","2014-10-07 07:00","2014","10","07","07:00"
"-79.17","43.19","ST CATHARINES A","6137304","2014-10-07 08:00","2014","10","07","08:00"
"-79.17","43.19","ST CATHARINES A","6137304","2014-10-07 09:00","2014","10","07","09:00"
"-79.17","43.19","ST CATHARINES A","6137304","2014-10-07 10:00","2014","10","07","10:00"
"-79.17","43.19","ST CATHARINES A","6137304","2014-10-07 11:00","2014","10","07","11:00"
"-79.17","43.19","ST CATHARINES A","6137304","2014-10-07 12:00","2014","10","07","12:00"
"-79.17","43.19","ST CATHARINES A","6137304","2014-10-07 13:00","2014","10","07","13:00"
"-79.17","43.19","ST CATHARINES A","6137304","2014-10-07 14:00","2014","10","07","14:00"
"-79.17","43.19","ST CATHARINES A","6137304","2014-10-07 15:00","2014","10","07","15:00"
"-79.17","43.19","ST CATHARINES A","6137304","2014-10-07 16:00","2014","10","07","16:00"
"-79.17","43.19","ST CATHARINES A","6137304","2014-10-07 17:00","2014","10","07","17:00"
"-79.17","43.19","ST CATHARINES A","6137304","2014-10-07 18:00","2014","10","07","18:00"
"-79.17","43.19","ST CATHARINES A","6137304","2014-10-07 19:00","2014","10","07","19:00"
"-79.17","43.19","ST CATHARINES A","6137304","2014-10-07 20:00","2014","10","07","20:00"
"-79.17","43.19","ST CATHARINES A","6137304","2014-10-07 21:00","2014","10","07","21:00"
"-79.17","43.19","ST CATHARINES A","6137304","2014-10-07 22:00","2014","10","07","22:00"
"-79.17","43.19","ST CATHARINES A","6137304","2014-10-07 23:00","2014","10","07","23:00"
"-79.17","43.19","ST CATHARINES A","6137304","2014-10-08 00:00","2014","10","08","00:00"
"-79.17","43.19","ST CATHARINES A","6137304","2014-10-08 01:00","2014","10","08","01:00"
"-79.17","43.19","ST CATHARINES A","6137304","2014-10-08 02:00","2014","10","08","02:00"
"-79.17","43.19","ST CATHARINES A","6137304","2014-10-08 03:00","2014","10","08","03:00"
"-79.17","43.19","ST CATHARINES A","6137304","2014-10-08 04:00","2014","10","08","04:00"
"-79.17","43.19","ST CATHARINES A","6137304","2014-10-08 05:00","2014","10","08","05:00"
"-79.17","43.19","ST CATHARINES A","6137304","2014-10-08 06:00","2014","10","08","06:00"
"-79.17","43.19","ST CATHARINES A","6137304","2014-10-08 07:00","2014","10","08","07:00"
"-79.17","43.19","ST CATHARINES A","6137304","2014-10-08 08:00","2014","10","08","08:00"
"-79.17","43.19","ST CATHARINES A","6137304","2014-10-08 09:00","2014","10","08","09:00"
"-79.17","43.19","ST CATHARINES A","6137304","2014-10-08 10:00","2014","10","08","10:00"
"-79.17","43.19","ST CATHARINES A","6137304","2014-10-08 11:00","2014","10","08","11:00"
"-79.17","43.19","ST CATHARINES A","6137304","2014-10-08 12:00","2014","10","08","12:00"
"-79.17","43.19","ST CATHARINES A","6137304","2014-10-08 13:00","2014","10","08","13:00"
"-79.17","43.19","ST CATHARINES A","6137304","2014-10-08 14:00","2014","10","08","14:00"
"-79.17","43.19","ST CATHARINES A","6137304","2014-10-08 15:00","2014","10","08","15:00"
"-79.17","43.19","ST CATHARINES A","6137304","2014-10-08 16:00","2014","10","08","16:00"
"-79.17","43.19","ST CATHARINES A","6137304","2014-10-08 17:00","2014","10","08","17:00"
"-79.17","43.19","ST CATHARINES A","6137304","2014-10-08 18:00","2014","10","08","18:00"
"-79.17","43.19","ST CATHARINES A","6137304","2014-10-08 19:00","2014","10","08","19:00"
"-79.17","43.19","ST CATHARINES A","6137304","2014-10-08 20:00","2014","10","08","20:00"
"-79.17","43.19","ST CATHARINES A","6137304","2014-10-08 21:00","2014","10","08","21:00"
"-79.17","43.19","ST CATHARINES A","6137304","2014-10-08 22:00","2014","10","08","22:00"
"-79.17","43.19","ST CATHARINES A","6137304","2014-10-08 23:00","2014","10","08","23:00"
"-79.17","43.19","ST CATHARINES A","6137304","2014-10-09 00:00","2014","10","09","00:00"
"-79.17","43.19","ST CATHARINES A","6137304","2014-10-09 01:00","2014","10","09","01:00"
"-79.17","43.19","ST CATHARINES A","6137304","2014-10-09 02:00","2014","10","09","02:00"
"-79.17","43.19","ST CATHARINES A","6137304","2014-10-09 03:00","2014","10","09","03:00"
"-79.17","43.19","ST CATHARINES A","6137304","2014-10-09 04:00","2014","10","09","04:00"
"-79.17","43.19","ST CATHARINES A","6137304","2014-10-09 05:00","2014","10","09","05:00"
"-79.17","43.19","ST CATHARINES A","6137304","2014-10-09 06:00","2014","10","09","06:00"
"-79.17","43.19","ST CATHARINES A","6137304","2014-10-09 07:00","2014","10","09","07:00"
"-79.17","43.19","ST CATHARINES A","6137304","2014-10-09 08:00","2014","10","09","08:00"
"-79.17","43.19","ST CATHARINES A","6137304","2014-10-09 09:00","2014","10","09","09:00"
"-79.17","43.19","ST CATHARINES A","6137304","2014-10-09 10:00","2014","10","09","10:00"
"-79.17","43.19","ST CATHARINES A","6137304","2014-10-09 11:00","2014","10","09","11:00"
"-79.17","43.19","ST CATHARINES A","6137304","2014-10-09 12:00","2014","10","09","12:00"
"-79.17","43.19","ST CATHARINES A","6137304","2014-10-09 13:00","2014","10","09","13:00"
"-79.17","43.19","ST CATHARINES A","6137304","2014-10-09 14:00","2014","10","09","14:00"
"-79.17","43.19","ST CATHARINES A","6137304","2014-10-09 15:00","2014","10","09","15:00"
"-79.17","43.19","ST CATHARINES A","6137304","2014-10-09 16:00","2014","10","09","16:00"
"-79.17","43.19","ST CATHARINES A","6137304","2014-10-09 17:00","2014","10","09","17:00"
"-79.17","43.19","ST CATHARINES A","6137304","2014-10-09 18:00","2014","10","09","18:00"
"-79.17","43.19","ST CATHARINES A","6137304","2014-10-09 19:00","2014","10","09","19:00"
"-79.17","43.19","ST CATHARINES A","6137304","2014-10-09 20:00","2014","10","09","20:00"
"-79.17","43.19","ST CATHARINES A","6137304","2014-10-09 21:00","2014","10","09","21:00"
"-79.17","43.19","ST CATHARINES A","6137304","2014-10-09 22:00","2014","10","09","22:00"
"-79.17","43.19","ST CATHARINES A","6137304","2014-10-09 23:00","2014","10","09","23:00"
"-79.17","43.19","ST CATHARINES A","6137304","2014-10-10 00:00","2014","10","10","00:00"
"-79.17","43.19","ST CATHARINES A","6137304","2014-10-10 01:00","2014","10","10","01:00"
"-79.17","43.19","ST CATHARINES A","6137304","2014-10-10 02:00","2014","10","10","02:00"
"-79.17","43.19","ST CATHARINES A","6137304","2014-10-10 03:00","2014","10","10","03:00"
"-79.17","43.19","ST CATHARINES A","6137304","2014-10-10 04:00","2014","10","10","04:00"
"-79.17","43.19","ST CATHARINES A","6137304","2014-10-10 05:00","2014","10","10","05:00"
"-79.17","43.19","ST CATHARINES A","6137304","2014-10-10 06:00","2014","10","10","06:00"
"-79.17","43.19","ST CATHARINES A","6137304","2014-10-10 07:00","2014","10","10","07:00"
"-79.17","43.19","ST CATHARINES A","6137304","2014-10-10 08:00","2014","10","10","08:00"
"-79.17","43.19","ST CATHARINES A","6137304","2014-10-10 09:00","2014","10","10","09:00"
"-79.17","43.19","ST CATHARINES A","6137304","2014-10-10 10:00","2014","10","10","10:00"
"-79.17","43.19","ST CATHARINES A","6137304","2014-10-10 11:00","2014","10","10","11:00"
"-79.17","43.19","ST CATHARINES A","6137304","2014-10-10 12:00","2014","10","10","12:00"
"-79.17","43.19","ST CATHARINES A","6137304","2014-10-10 13:00","2014","10","10","13:00"
"-79.17","43.19","ST CATHARINES A","6137304","2014-10-10 14:00","2014","10","10","14:00"
"-79.17","43.19","ST CATHARINES A","6137304","2014-10-10 15:00","2014","10","10","15:00"
"-79.17","43.19","ST CATHARINES A","6137304","2014-10-10 16:00","2014","10","10","16:00"
"-79.17","43.19","ST CATHARINES A","6137304","2014-10-10 17:00","2014","10","10","17:00"
"-79.17","43.19","ST CATHARINES A","6137304","2014-10-10 18:00","2014","10","10","18:00"
"-79.17","43.19","ST CATHARINES A","6137304","2014-10-10 19:00","2014","10","10","19:00"
"-79.17","43.19","ST CATHARINES A","6137304","2014-10-10 20:00","2014","10","10","20:00"
"-79.17","43.19","ST CATHARINES A","6137304","2014-10-10 21:00","2014","10","10","21:00"
"-79.17","43.19","ST CATHARINES A","6137304","2014-10-10 22:00","2014","10","10","22:00"
"-79.17","43.19","ST CATHARINES A","6137304","2014-10-10 23:00","2014","10","10","23:00"
"-79.17","43.19","ST CATHARINES A","6137304","2014-10-11 00:00","2014","10","11","00:00"
"-79.17","43.19","ST CATHARINES A","6137304","2014-10-11 01:00","2014","10","11","01:00"
"-79.17","43.19","ST CATHARINES A","6137304","2014-10-11 02:00","2014","10","11","02:00"
"-79.17","43.19","ST CATHARINES A","6137304","2014-10-11 03:00","2014","10","11","03:00"
"-79.17","43.19","ST CATHARINES A","6137304","2014-10-11 04:00","2014","10","11","04:00"
"-79.17","43.19","ST CATHARINES A","6137304","2014-10-11 05:00","2014","10","11","05:00"
"-79.17","43.19","ST CATHARINES A","6137304","2014-10-11 06:00","2014","10","11","06:00"
"-79.17","43.19","ST CATHARINES A","6137304","2014-10-11 07:00","2014","10","11","07:00"
"-79.17","43.19","ST CATHARINES A","6137304","2014-10-11 08:00","2014","10","11","08:00"
"-79.17","43.19","ST CATHARINES A","6137304","2014-10-11 09:00","2014","10","11","09:00"
"-79.17","43.19","ST CATHARINES A","6137304","2014-10-11 10:00","2014","10","11","10:00"
"-79.17","43.19","ST CATHARINES A","6137304","2014-10-11 11:00","2014","10","11","11:00"
"-79.17","43.19","ST CATHARINES A","6137304","2014-10-11 12:00","2014","10","11","12:00"
"-79.17","43.19","ST CATHARINES A","6137304","2014-10-11 13:00","2014","10","11","13:00"
"-79.17","43.19","ST CATHARINES A","6137304","2014-10-11 14:00","2014","10","11","14:00"
"-79.17","43.19","ST CATHARINES A","6137304","2014-10-11 15:00","2014","10","11","15:00"
"-79.17","43.19","ST CATHARINES A","6137304","2014-10-11 16:00","2014","10","11","16:00"
"-79.17","43.19","ST CATHARINES A","6137304","2014-10-11 17:00","2014","10","11","17:00"
"-79.17","43.19","ST CATHARINES A","6137304","2014-10-11 18:00","2014","10","11","18:00"
"-79.17","43.19","ST CATHARINES A","6137304","2014-10-11 19:00","2014","10","11","19:00"
"-79.17","43.19","ST CATHARINES A","6137304","2014-10-11 20:00","2014","10","11","20:00"
"-79.17","43.19","ST CATHARINES A","6137304","2014-10-11 21:00","2014","10","11","21:00"
"-79.17","43.19","ST CATHARINES A","6137304","2014-10-11 22:00","2014","10","11","22:00"
"-79.17","43.19","ST CATHARINES A","6137304","2014-10-11 23:00","2014","10","11","23:00"
"-79.17","43.19","ST CATHARINES A","6137304","2014-10-12 00:00","2014","10","12","00:00"
"-79.17","43.19","ST CATHARINES A","6137304","2014-10-12 01:00","2014","10","12","01:00"
"-79.17","43.19","ST CATHARINES A","6137304","2014-10-12 02:00","2014","10","12","02:00"
"-79.17","43.19","ST CATHARINES A","6137304","2014-10-12 03:00","2014","10","12","03:00"
"-79.17","43.19","ST CATHARINES A","6137304","2014-10-12 04:00","2014","10","12","04:00"
"-79.17","43.19","ST CATHARINES A","6137304","2014-10-12 05:00","2014","10","12","05:00"
"-79.17","43.19","ST CATHARINES A","6137304","2014-10-12 06:00","2014","10","12","06:00"
"-79.17","43.19","ST CATHARINES A","6137304","2014-10-12 07:00","2014","10","12","07:00"
"-79.17","43.19","ST CATHARINES A","6137304","2014-10-12 08:00","2014","10","12","08:00"
"-79.17","43.19","ST CATHARINES A","6137304","2014-10-12 09:00","2014","10","12","09:00"
"-79.17","43.19","ST CATHARINES A","6137304","2014-10-12 10:00","2014","10","12","10:00"
"-79.17","43.19","ST CATHARINES A","6137304","2014-10-12 11:00","2014","10","12","11:00"
"-79.17","43.19","ST CATHARINES A","6137304","2014-10-12 12:00","2014","10","12","12:00"
"-79.17","43.19","ST CATHARINES A","6137304","2014-10-12 13:00","2014","10","12","13:00"
"-79.17","43.19","ST CATHARINES A","6137304","2014-10-12 14:00","2014","10","12","14:00"
"-79.17","43.19","ST CATHARINES A","6137304","2014-10-12 15:00","2014","10","12","15:00"
"-79.17","43.19","ST CATHARINES A","6137304","2014-10-12 16:00","2014","10","12","16:00"
"-79.17","43.19","ST CATHARINES A","6137304","2014-10-12 17:00","2014","10","12","17:00"
"-79.17","43.19","ST CATHARINES A","6137304","2014-10-12 18:00","2014","10","12","18:00"
"-79.17","43.19","ST CATHARINES A","6137304","2014-10-12 19:00","2014","10","12","19:00"
"-79.17","43.19","ST CATHARINES A","6137304","2014-10-12 20:00","2014","10","12","20:00"
"-79.17","43.19","ST CATHARINES A","6137304","2014-10-12 21:00","2014","10","12","21:00"
"-79.17","43.19","ST CATHARINES A","6137304","2014-10-12 22:00","2014","10","12","22:00"
"-79.17","43.19","ST CATHARINES A","6137304","2014-10-12 23:00","2014","10","12","23:00"
"-79.17","43.19","ST CATHARINES A","6137304","2014-10-13 00:00","2014","10","13","00:00"
"-79.17","43.19","ST CATHARINES A","6137304","2014-10-13 01:00","2014","10","13","01:00"
"-79.17","43.19","ST CATHARINES A","6137304","2014-10-13 02:00","2014","10","13","02:00"
"-79.17","43.19","ST CATHARINES A","6137304","2014-10-13 03:00","2014","10","13","03:00"
"-79.17","43.19","ST CATHARINES A","6137304","2014-10-13 04:00","2014","10","13","04:00"
"-79.17","43.19","ST CATHARINES A","6137304","2014-10-13 05:00","2014","10","13","05:00"
"-79.17","43.19","ST CATHARINES A","6137304","2014-10-13 06:00","2014","10","13","06:00"
"-79.17","43.19","ST CATHARINES A","6137304","2014-10-13 07:00","2014","10","13","07:00"
"-79.17","43.19","ST CATHARINES A","6137304","2014-10-13 08:00","2014","10","13","08:00"
"-79.17","43.19","ST CATHARINES A","6137304","2014-10-13 09:00","2014","10","13","09:00"
"-79.17","43.19","ST CATHARINES A","6137304","2014-10-13 10:00","2014","10","13","10:00"
"-79.17","43.19","ST CATHARINES A","6137304","2014-10-13 11:00","2014","10","13","11:00"
"-79.17","43.19","ST CATHARINES A","6137304","2014-10-13 12:00","2014","10","13","12:00"
"-79.17","43.19","ST CATHARINES A","6137304","2014-10-13 13:00","2014","10","13","13:00"
"-79.17","43.19","ST CATHARINES A","6137304","2014-10-13 14:00","2014","10","13","14:00"
"-79.17","43.19","ST CATHARINES A","6137304","2014-10-13 15:00","2014","10","13","15:00"
"-79.17","43.19","ST CATHARINES A","6137304","2014-10-13 16:00","2014","10","13","16:00"
"-79.17","43.19","ST CATHARINES A","6137304","2014-10-13 17:00","2014","10","13","17:00"
"-79.17","43.19","ST CATHARINES A","6137304","2014-10-13 18:00","2014","10","13","18:00"
"-79.17","43.19","ST CATHARINES A","6137304","2014-10-13 19:00","2014","10","13","19:00"
"-79.17","43.19","ST CATHARINES A","6137304","2014-10-13 20:00","2014","10","13","20:00"
"-79.17","43.19","ST CATHARINES A","6137304","2014-10-13 21:00","2014","10","13","21:00"
"-79.17","43.19","ST CATHARINES A","6137304","2014-10-13 22:00","2014","10","13","22:00"
"-79.17","43.19","ST CATHARINES A","6137304","2014-10-13 23:00","2014","10","13","23:00"
"-79.17","43.19","ST CATHARINES A","6137304","2014-10-14 00:00","2014","10","14","00:00"
"-79.17","43.19","ST CATHARINES A","6137304","2014-10-14 01:00","2014","10","14","01:00"
"-79.17","43.19","ST CATHARINES A","6137304","2014-10-14 02:00","2014","10","14","02:00"
"-79.17","43.19","ST CATHARINES A","6137304","2014-10-14 03:00","2014","10","14","03:00"
"-79.17","43.19","ST CATHARINES A","6137304","2014-10-14 04:00","2014","10","14","04:00"
"-79.17","43.19","ST CATHARINES A","6137304","2014-10-14 05:00","2014","10","14","05:00"
"-79.17","43.19","ST CATHARINES A","6137304","2014-10-14 06:00","2014","10","14","06:00"
"-79.17","43.19","ST CATHARINES A","6137304","2014-10-14 07:00","2014","10","14","07:00"
"-79.17","43.19","ST CATHARINES A","6137304","2014-10-14 08:00","2014","10","14","08:00"
"-79.17","43.19","ST CATHARINES A","6137304","2014-10-14 09:00","2014","10","14","09:00"
"-79.17","43.19","ST CATHARINES A","6137304","2014-10-14 10:00","2014","10","14","10:00"
"-79.17","43.19","ST CATHARINES A","6137304","2014-10-14 11:00","2014","10","14","11:00"
"-79.17","43.19","ST CATHARINES A","6137304","2014-10-14 12:00","2014","10","14","12:00"
"-79.17","43.19","ST CATHARINES A","6137304","2014-10-14 13:00","2014","10","14","13:00"
"-79.17","43.19","ST CATHARINES A","6137304","2014-10-14 14:00","2014","10","14","14:00"
"-79.17","43.19","ST CATHARINES A","6137304","2014-10-14 15:00","2014","10","14","15:00"
"-79.17","43.19","ST CATHARINES A","6137304","2014-10-14 16:00","2014","10","14","16:00"
"-79.17","43.19","ST CATHARINES A","6137304","2014-10-14 17:00","2014","10","14","17:00"
"-79.17","43.19","ST CATHARINES A","6137304","2014-10-14 18:00","2014","10","14","18:00"
"-79.17","43.19","ST CATHARINES A","6137304","2014-10-14 19:00","2014","10","14","19:00"
"-79.17","43.19","ST CATHARINES A","6137304","2014-10-14 20:00","2014","10","14","20:00"
"-79.17","43.19","ST CATHARINES A","6137304","2014-10-14 21:00","2014","10","14","21:00"
"-79.17","43.19","ST CATHARINES A","6137304","2014-10-14 22:00","2014","10","14","22:00"
"-79.17","43.19","ST CATHARINES A","6137304","2014-10-14 23:00","2014","10","14","23:00"
"-79.17","43.19","ST CATHARINES A","6137304","2014-10-15 00:00","2014","10","15","00:00"
"-79.17","43.19","ST CATHARINES A","6137304","2014-10-15 01:00","2014","10","15","01:00"
"-79.17","43.19","ST CATHARINES A","6137304","2014-10-15 02:00","2014","10","15","02:00"
"-79.17","43.19","ST CATHARINES A","6137304","2014-10-15 03:00","2014","10","15","03:00"
"-79.17","43.19","ST CATHARINES A","6137304","2014-10-15 04:00","2014","10","15","04:00"
"-79.17","43.19","ST CATHARINES A","6137304","2014-10-15 05:00","2014","10","15","05:00"
"-79.17","43.19","ST CATHARINES A","6137304","2014-10-15 06:00","2014","10","15","06:00"
"-79.17","43.19","ST CATHARINES A","6137304","2014-10-15 07:00","2014","10","15","07:00"
"-79.17","43.19","ST CATHARINES A","6137304","2014-10-15 08:00","2014","10","15","08:00"
"-79.17","43.19","ST CATHARINES A","6137304","2014-10-15 09:00","2014","10","15","09:00"
"-79.17","43.19","ST CATHARINES A","6137304","2014-10-15 10:00","2014","10","15","10:00"
"-79.17","43.19","ST CATHARINES A","6137304","2014-10-15 11:00","2014","10","15","11:00"
"-79.17","43.19","ST CATHARINES A","6137304","2014-10-15 12:00","2014","10","15","12:00"
"-79.17","43.19","ST CATHARINES A","6137304","2014-10-15 13:00","2014","10","15","13:00"
"-79.17","43.19","ST CATHARINES A","6137304","2014-10-15 14:00","2014","10","15","14:00"
"-79.17","43.19","ST CATHARINES A","6137304","2014-10-15 15:00","2014","10","15","15:00"
"-79.17","43.19","ST CATHARINES A","6137304","2014-10-15 16:00","2014","10","15","16:00"
"-79.17","43.19","ST CATHARINES A","6137304","2014-10-15 17:00","2014","10","15","17:00"
"-79.17","43.19","ST CATHARINES A","6137304","2014-10-15 18:00","2014","10","15","18:00"
"-79.17","43.19","ST CATHARINES A","6137304","2014-10-15 19:00","2014","10","15","19:00"
"-79.17","43.19","ST CATHARINES A","6137304","2014-10-15 20:00","2014","10","15","20:00"
"-79.17","43.19","ST CATHARINES A","6137304","2014-10-15 21:00","2014","10","15","21:00"
"-79.17","43.19","ST CATHARINES A","6137304","2014-10-15 22:00","2014","10","15","22:00"
"-79.17","43.19","ST CATHARINES A","6137304","2014-10-15 23:00","2014","10","15","23:00"
"-79.17","43.19","ST CATHARINES A","6137304","2014-10-16 00:00","2014","10","16","00:00"
"-79.17","43.19","ST CATHARINES A","6137304","2014-10-16 01:00","2014","10","16","01:00"
"-79.17","43.19","ST CATHARINES A","6137304","2014-10-16 02:00","2014","10","16","02:00"
"-79.17","43.19","ST CATHARINES A","6137304","2014-10-16 03:00","2014","10","16","03:00"
"-79.17","43.19","ST CATHARINES A","6137304","2014-10-16 04:00","2014","10","16","04:00"
"-79.17","43.19","ST CATHARINES A","6137304","2014-10-16 05:00","2014","10","16","05:00"
"-79.17","43.19","ST CATHARINES A","6137304","2014-10-16 06:00","2014","10","16","06:00"
"-79.17","43.19","ST CATHARINES A","6137304","2014-10-16 07:00","2014","10","16","07:00"
"-79.17","43.19","ST CATHARINES A","6137304","2014-10-16 08:00","2014","10","16","08:00"
"-79.17","43.19","ST CATHARINES A","6137304","2014-10-16 09:00","2014","10","16","09:00"
"-79.17","43.19","ST CATHARINES A","6137304","2014-10-16 10:00","2014","10","16","10:00"
"-79.17","43.19","ST CATHARINES A","6137304","2014-10-16 11:00","2014","10","16","11:00"
"-79.17","43.19","ST CATHARINES A","6137304","2014-10-16 12:00","2014","10","16","12:00"
"-79.17","43.19","ST CATHARINES A","6137304","2014-10-16 13:00","2014","10","16","13:00"
"-79.17","43.19","ST CATHARINES A","6137304","2014-10-16 14:00","2014","10","16","14:00"
"-79.17","43.19","ST CATHARINES A","6137304","2014-10-16 15:00","2014","10","16","15:00"
"-79.17","43.19","ST CATHARINES A","6137304","2014-10-16 16:00","2014","10","16","16:00"
"-79.17","43.19","ST CATHARINES A","6137304","2014-10-16 17:00","2014","10","16","17:00"
"-79.17","43.19","ST CATHARINES A","6137304","2014-10-16 18:00","2014","10","16","18:00"
"-79.17","43.19","ST CATHARINES A","6137304","2014-10-16 19:00","2014","10","16","19:00"
"-79.17","43.19","ST CATHARINES A","6137304","2014-10-16 20:00","2014","10","16","20:00"
"-79.17","43.19","ST CATHARINES A","6137304","2014-10-16 21:00","2014","10","16","21:00"
"-79.17","43.19","ST CATHARINES A","6137304","2014-10-16 22:00","2014","10","16","22:00"
"-79.17","43.19","ST CATHARINES A","6137304","2014-10-16 23:00","2014","10","16","23:00"
"-79.17","43.19","ST CATHARINES A","6137304","2014-10-17 00:00","2014","10","17","00:00"
"-79.17","43.19","ST CATHARINES A","6137304","2014-10-17 01:00","2014","10","17","01:00"
"-79.17","43.19","ST CATHARINES A","6137304","2014-10-17 02:00","2014","10","17","02:00"
"-79.17","43.19","ST CATHARINES A","6137304","2014-10-17 03:00","2014","10","17","03:00"
"-79.17","43.19","ST CATHARINES A","6137304","2014-10-17 04:00","2014","10","17","04:00"
"-79.17","43.19","ST CATHARINES A","6137304","2014-10-17 05:00","2014","10","17","05:00"
"-79.17","43.19","ST CATHARINES A","6137304","2014-10-17 06:00","2014","10","17","06:00"
"-79.17","43.19","ST CATHARINES A","6137304","2014-10-17 07:00","2014","10","17","07:00"
"-79.17","43.19","ST CATHARINES A","6137304","2014-10-17 08:00","2014","10","17","08:00"
"-79.17","43.19","ST CATHARINES A","6137304","2014-10-17 09:00","2014","10","17","09:00"
"-79.17","43.19","ST CATHARINES A","6137304","2014-10-17 10:00","2014","10","17","10:00"
"-79.17","43.19","ST CATHARINES A","6137304","2014-10-17 11:00","2014","10","17","11:00"
"-79.17","43.19","ST CATHARINES A","6137304","2014-10-17 12:00","2014","10","17","12:00"
"-79.17","43.19","ST CATHARINES A","6137304","2014-10-17 13:00","2014","10","17","13:00"
"-79.17","43.19","ST CATHARINES A","6137304","2014-10-17 14:00","2014","10","17","14:00"
"-79.17","43.19","ST CATHARINES A","6137304","2014-10-17 15:00","2014","10","17","15:00"
"-79.17","43.19","ST CATHARINES A","6137304","2014-10-17 16:00","2014","10","17","16:00"
"-79.17","43.19","ST CATHARINES A","6137304","2014-10-17 17:00","2014","10","17","17:00"
"-79.17","43.19","ST CATHARINES A","6137304","2014-10-17 18:00","2014","10","17","18:00"
"-79.17","43.19","ST CATHARINES A","6137304","2014-10-17 19:00","2014","10","17","19:00"
"-79.17","43.19","ST CATHARINES A","6137304","2014-10-17 20:00","2014","10","17","20:00"
"-79.17","43.19","ST CATHARINES A","6137304","2014-10-17 21:00","2014","10","17","21:00"
"-79.17","43.19","ST CATHARINES A","6137304","2014-10-17 22:00","2014","10","17","22:00"
"-79.17","43.19","ST CATHARINES A","6137304","2014-10-17 23:00","2014","10","17","23:00"
"-79.17","43.19","ST CATHARINES A","6137304","2014-10-18 00:00","2014","10","18","00:00"
"-79.17","43.19","ST CATHARINES A","6137304","2014-10-18 01:00","2014","10","18","01:00"
"-79.17","43.19","ST CATHARINES A","6137304","2014-10-18 02:00","2014","10","18","02:00"
"-79.17","43.19","ST CATHARINES A","6137304","2014-10-18 03:00","2014","10","18","03:00"
"-79.17","43.19","ST CATHARINES A","6137304","2014-10-18 04:00","2014","10","18","04:00"
"-79.17","43.19","ST CATHARINES A","6137304","2014-10-18 05:00","2014","10","18","05:00"
"-79.17","43.19","ST CATHARINES A","6137304","2014-10-18 06:00","2014","10","18","06:00"
"-79.17","43.19","ST CATHARINES A","6137304","2014-10-18 07:00","2014","10","18","07:00"
"-79.17","43.19","ST CATHARINES A","6137304","2014-10-18 08:00","2014","10","18","08:00"
"-79.17","43.19","ST CATHARINES A","6137304","2014-10-18 09:00","2014","10","18","09:00"
"-79.17","43.19","ST CATHARINES A","6137304","2014-10-18 10:00","2014","10","18","10:00"
"-79.17","43.19","ST CATHARINES A","6137304","2014-10-18 11:00","2014","10","18","11:00"
"-79.17","43.19","ST CATHARINES A","6137304","2014-10-18 12:00","2014","10","18","12:00"
"-79.17","43.19","ST CATHARINES A","6137304","2014-10-18 13:00","2014","10","18","13:00"
"-79.17","43.19","ST CATHARINES A","6137304","2014-10-18 14:00","2014","10","18","14:00"
"-79.17","43.19","ST CATHARINES A","6137304","2014-10-18 15:00","2014","10","18","15:00"
"-79.17","43.19","ST CATHARINES A","6137304","2014-10-18 16:00","2014","10","18","16:00"
"-79.17","43.19","ST CATHARINES A","6137304","2014-10-18 17:00","2014","10","18","17:00"
"-79.17","43.19","ST CATHARINES A","6137304","2014-10-18 18:00","2014","10","18","18:00"
"-79.17","43.19","ST CATHARINES A","6137304","2014-10-18 19:00","2014","10","18","19:00"
"-79.17","43.19","ST CATHARINES A","6137304","2014-10-18 20:00","2014","10","18","20:00"
"-79.17","43.19","ST CATHARINES A","6137304","2014-10-18 21:00","2014","10","18","21:00"
"-79.17","43.19","ST CATHARINES A","6137304","2014-10-18 22:00","2014","10","18","22:00"
"-79.17","43.19","ST CATHARINES A","6137304","2014-10-18 23:00","2014","10","18","23:00"
"-79.17","43.19","ST CATHARINES A","6137304","2014-10-19 00:00","2014","10","19","00:00"
"-79.17","43.19","ST CATHARINES A","6137304","2014-10-19 01:00","2014","10","19","01:00"
"-79.17","43.19","ST CATHARINES A","6137304","2014-10-19 02:00","2014","10","19","02:00"
"-79.17","43.19","ST CATHARINES A","6137304","2014-10-19 03:00","2014","10","19","03:00"
"-79.17","43.19","ST CATHARINES A","6137304","2014-10-19 04:00","2014","10","19","04:00"
"-79.17","43.19","ST CATHARINES A","6137304","2014-10-19 05:00","2014","10","19","05:00"
"-79.17","43.19","ST CATHARINES A","6137304","2014-10-19 06:00","2014","10","19","06:00"
"-79.17","43.19","ST CATHARINES A","6137304","2014-10-19 07:00","2014","10","19","07:00"
"-79.17","43.19","ST CATHARINES A","6137304","2014-10-19 08:00","2014","10","19","08:00"
"-79.17","43.19","ST CATHARINES A","6137304","2014-10-19 09:00","2014","10","19","09:00"
"-79.17","43.19","ST CATHARINES A","6137304","2014-10-19 10:00","2014","10","19","10:00"
"-79.17","43.19","ST CATHARINES A","6137304","2014-10-19 11:00","2014","10","19","11:00"
"-79.17","43.19","ST CATHARINES A","6137304","2014-10-19 12:00","2014","10","19","12:00"
"-79.17","43.19","ST CATHARINES A","6137304","2014-10-19 13:00","2014","10","19","13:00"
"-79.17","43.19","ST CATHARINES A","6137304","2014-10-19 14:00","2014","10","19","14:00"
"-79.17","43.19","ST CATHARINES A","6137304","2014-10-19 15:00","2014","10","19","15:00"
"-79.17","43.19","ST CATHARINES A","6137304","2014-10-19 16:00","2014","10","19","16:00"
"-79.17","43.19","ST CATHARINES A","6137304","2014-10-19 17:00","2014","10","19","17:00"
"-79.17","43.19","ST CATHARINES A","6137304","2014-10-19 18:00","2014","10","19","18:00"
"-79.17","43.19","ST CATHARINES A","6137304","2014-10-19 19:00","2014","10","19","19:00"
"-79.17","43.19","ST CATHARINES A","6137304","2014-10-19 20:00","2014","10","19","20:00"
"-79.17","43.19","ST CATHARINES A","6137304","2014-10-19 21:00","2014","10","19","21:00"
"-79.17","43.19","ST CATHARINES A","6137304","2014-10-19 22:00","2014","10","19","22:00"
"-79.17","43.19","ST CATHARINES A","6137304","2014-10-19 23:00","2014","10","19","23:00"
"-79.17","43.19","ST CATHARINES A","6137304","2014-10-20 00:00","2014","10","20","00:00"
"-79.17","43.19","ST CATHARINES A","6137304","2014-10-20 01:00","2014","10","20","01:00"
"-79.17","43.19","ST CATHARINES A","6137304","2014-10-20 02:00","2014","10","20","02:00"
"-79.17","43.19","ST CATHARINES A","6137304","2014-10-20 03:00","2014","10","20","03:00"
"-79.17","43.19","ST CATHARINES A","6137304","2014-10-20 04:00","2014","10","20","04:00"
"-79.17","43.19","ST CATHARINES A","6137304","2014-10-20 05:00","2014","10","20","05:00"
"-79.17","43.19","ST CATHARINES A","6137304","2014-10-20 06:00","2014","10","20","06:00"
"-79.17","43.19","ST CATHARINES A","6137304","2014-10-20 07:00","2014","10","20","07:00"
"-79.17","43.19","ST CATHARINES A","6137304","2014-10-20 08:00","2014","10","20","08:00"
"-79.17","43.19","ST CATHARINES A","6137304","2014-10-20 09:00","2014","10","20","09:00"
"-79.17","43.19","ST CATHARINES A","6137304","2014-10-20 10:00","2014","10","20","10:00"
"-79.17","43.19","ST CATHARINES A","6137304","2014-10-20 11:00","2014","10","20","11:00"
"-79.17","43.19","ST CATHARINES A","6137304","2014-10-20 12:00","2014","10","20","12:00"
"-79.17","43.19","ST CATHARINES A","6137304","2014-10-20 13:00","2014","10","20","13:00"
"-79.17","43.19","ST CATHARINES A","6137304","2014-10-20 14:00","2014","10","20","14:00"
"-79.17","43.19","ST CATHARINES A","6137304","2014-10-20 15:00","2014","10","20","15:00"
"-79.17","43.19","ST CATHARINES A","6137304","2014-10-20 16:00","2014","10","20","16:00"
"-79.17","43.19","ST CATHARINES A","6137304","2014-10-20 17:00","2014","10","20","17:00"
"-79.17","43.19","ST CATHARINES A","6137304","2014-10-20 18:00","2014","10","20","18:00"
"-79.17","43.19","ST CATHARINES A","6137304","2014-10-20 19:00","2014","10","20","19:00"
"-79.17","43.19","ST CATHARINES A","6137304","2014-10-20 20:00","2014","10","20","20:00"
"-79.17","43.19","ST CATHARINES A","6137304","2014-10-20 21:00","2014","10","20","21:00"
"-79.17","43.19","ST CATHARINES A","6137304","2014-10-20 22:00","2014","10","20","22:00"
"-79.17","43.19","ST CATHARINES A","6137304","2014-10-20 23:00","2014","10","20","23:00"
"-79.17","43.19","ST CATHARINES A","6137304","2014-10-21 00:00","2014","10","21","00:00"
"-79.17","43.19","ST CATHARINES A","6137304","2014-10-21 01:00","2014","10","21","01:00"
"-79.17","43.19","ST CATHARINES A","6137304","2014-10-21 02:00","2014","10","21","02:00"
"-79.17","43.19","ST CATHARINES A","6137304","2014-10-21 03:00","2014","10","21","03:00"
"-79.17","43.19","ST CATHARINES A","6137304","2014-10-21 04:00","2014","10","21","04:00"
"-79.17","43.19","ST CATHARINES A","6137304","2014-10-21 05:00","2014","10","21","05:00"
"-79.17","43.19","ST CATHARINES A","6137304","2014-10-21 06:00","2014","10","21","06:00"
"-79.17","43.19","ST CATHARINES A","6137304","2014-10-21 07:00","2014","10","21","07:00"
"-79.17","43.19","ST CATHARINES A","6137304","2014-10-21 08:00","2014","10","21","08:00"
"-79.17","43.19","ST CATHARINES A","6137304","2014-10-21 09:00","2014","10","21","09:00"
"-79.17","43.19","ST CATHARINES A","6137304","2014-10-21 10:00","2014","10","21","10:00"
"-79.17","43.19","ST CATHARINES A","6137304","2014-10-21 11:00","2014","10","21","11:00"
"-79.17","43.19","ST CATHARINES A","6137304","2014-10-21 12:00","2014","10","21","12:00"
"-79.17","43.19","ST CATHARINES A","6137304","2014-10-21 13:00","2014","10","21","13:00"
"-79.17","43.19","ST CATHARINES A","6137304","2014-10-21 14:00","2014","10","21","14:00"
"-79.17","43.19","ST CATHARINES A","6137304","2014-10-21 15:00","2014","10","21","15:00"
"-79.17","43.19","ST CATHARINES A","6137304","2014-10-21 16:00","2014","10","21","16:00"
"-79.17","43.19","ST CATHARINES A","6137304","2014-10-21 17:00","2014","10","21","17:00"
"-79.17","43.19","ST CATHARINES A","6137304","2014-10-21 18:00","2014","10","21","18:00"
"-79.17","43.19","ST CATHARINES A","6137304","2014-10-21 19:00","2014","10","21","19:00"
"-79.17","43.19","ST CATHARINES A","6137304","2014-10-21 20:00","2014","10","21","20:00"
"-79.17","43.19","ST CATHARINES A","6137304","2014-10-21 21:00","2014","10","21","21:00"
"-79.17","43.19","ST CATHARINES A","6137304","2014-10-21 22:00","2014","10","21","22:00"
"-79.17","43.19","ST CATHARINES A","6137304","2014-10-21 23:00","2014","10","21","23:00"
"-79.17","43.19","ST CATHARINES A","6137304","2014-10-22 00:00","2014","10","22","00:00"
"-79.17","43.19","ST CATHARINES A","6137304","2014-10-22 01:00","2014","10","22","01:00"
"-79.17","43.19","ST CATHARINES A","6137304","2014-10-22 02:00","2014","10","22","02:00"
"-79.17","43.19","ST CATHARINES A","6137304","2014-10-22 03:00","2014","10","22","03:00"
"-79.17","43.19","ST CATHARINES A","6137304","2014-10-22 04:00","2014","10","22","04:00"
"-79.17","43.19","ST CATHARINES A","6137304","2014-10-22 05:00","2014","10","22","05:00"
"-79.17","43.19","ST CATHARINES A","6137304","2014-10-22 06:00","2014","10","22","06:00"
"-79.17","43.19","ST CATHARINES A","6137304","2014-10-22 07:00","2014","10","22","07:00"
"-79.17","43.19","ST CATHARINES A","6137304","2014-10-22 08:00","2014","10","22","08:00"
"-79.17","43.19","ST CATHARINES A","6137304","2014-10-22 09:00","2014","10","22","09:00"
"-79.17","43.19","ST CATHARINES A","6137304","2014-10-22 10:00","2014","10","22","10:00"
"-79.17","43.19","ST CATHARINES A","6137304","2014-10-22 11:00","2014","10","22","11:00"
"-79.17","43.19","ST CATHARINES A","6137304","2014-10-22 12:00","2014","10","22","12:00"
"-79.17","43.19","ST CATHARINES A","6137304","2014-10-22 13:00","2014","10","22","13:00"
"-79.17","43.19","ST CATHARINES A","6137304","2014-10-22 14:00","2014","10","22","14:00"
"-79.17","43.19","ST CATHARINES A","6137304","2014-10-22 15:00","2014","10","22","15:00"
"-79.17","43.19","ST CATHARINES A","6137304","2014-10-22 16:00","2014","10","22","16:00"
"-79.17","43.19","ST CATHARINES A","6137304","2014-10-22 17:00","2014","10","22","17:00"
"-79.17","43.19","ST CATHARINES A","6137304","2014-10-22 18:00","2014","10","22","18:00"
"-79.17","43.19","ST CATHARINES A","6137304","2014-10-22 19:00","2014","10","22","19:00"
"-79.17","43.19","ST CATHARINES A","6137304","2014-10-22 20:00","2014","10","22","20:00"
"-79.17","43.19","ST CATHARINES A","6137304","2014-10-22 21:00","2014","10","22","21:00"
"-79.17","43.19","ST CATHARINES A","6137304","2014-10-22 22:00","2014","10","22","22:00"
"-79.17","43.19","ST CATHARINES A","6137304","2014-10-22 23:00","2014","10","22","23:00"
"-79.17","43.19","ST CATHARINES A","6137304","2014-10-23 00:00","2014","10","23","00:00"
"-79.17","43.19","ST CATHARINES A","6137304","2014-10-23 01:00","2014","10","23","01:00"
"-79.17","43.19","ST CATHARINES A","6137304","2014-10-23 02:00","2014","10","23","02:00"
"-79.17","43.19","ST CATHARINES A","6137304","2014-10-23 03:00","2014","10","23","03:00"
"-79.17","43.19","ST CATHARINES A","6137304","2014-10-23 04:00","2014","10","23","04:00"
"-79.17","43.19","ST CATHARINES A","6137304","2014-10-23 05:00","2014","10","23","05:00"
"-79.17","43.19","ST CATHARINES A","6137304","2014-10-23 06:00","2014","10","23","06:00"
"-79.17","43.19","ST CATHARINES A","6137304","2014-10-23 07:00","2014","10","23","07:00"
"-79.17","43.19","ST CATHARINES A","6137304","2014-10-23 08:00","2014","10","23","08:00"
"-79.17","43.19","ST CATHARINES A","6137304","2014-10-23 09:00","2014","10","23","09:00"
"-79.17","43.19","ST CATHARINES A","6137304","2014-10-23 10:00","2014","10","23","10:00"
"-79.17","43.19","ST CATHARINES A","6137304","2014-10-23 11:00","2014","10","23","11:00"
"-79.17","43.19","ST CATHARINES A","6137304","2014-10-23 12:00","2014","10","23","12:00"
"-79.17","43.19","ST CATHARINES A","6137304","2014-10-23 13:00","2014","10","23","13:00"
"-79.17","43.19","ST CATHARINES A","6137304","2014-10-23 14:00","2014","10","23","14:00"
"-79.17","43.19","ST CATHARINES A","6137304","2014-10-23 15:00","2014","10","23","15:00"
"-79.17","43.19","ST CATHARINES A","6137304","2014-10-23 16:00","2014","10","23","16:00"
"-79.17","43.19","ST CATHARINES A","6137304","2014-10-23 17:00","2014","10","23","17:00"
"-79.17","43.19","ST CATHARINES A","6137304","2014-10-23 18:00","2014","10","23","18:00"
"-79.17","43.19","ST CATHARINES A","6137304","2014-10-23 19:00","2014","10","23","19:00","15.0","","6.6","","57","","","","32","","14","","","M","100.66","","","","","","NA"
"-79.17","43.19","ST CATHARINES A","6137304","2014-10-23 20:00","2014","10","23","20:00","15.6","","5.9","","52","","","","31","","17","","","M","100.61","","","","","","NA"
"-79.17","43.19","ST CATHARINES A","6137304","2014-10-23 21:00","2014","10","23","21:00","14.9","","6.8","","58","","","","33","","16","","","M","100.57","","","","","","NA"
"-79.17","43.19","ST CATHARINES A","6137304","2014-10-23 22:00","2014","10","23","22:00","12.4","","6.7","","68","","","","33","","10","","","M","100.56","","","","","","NA"
"-79.17","43.19","ST CATHARINES A","6137304","2014-10-23 23:00","2014","10","23","23:00","12.2","","5.9","","65","","","","35","","19","","","M","100.58","","","","","","NA"
"-79.17","43.19","ST CATHARINES A","6137304","2014-10-24 00:00","2014","10","24","00:00","10.9","","5.5","","69","","","","34","","17","","","M","100.57","","","","","","NA"
"-79.17","43.19","ST CATHARINES A","6137304","2014-10-24 01:00","2014","10","24","01:00","10.4","","4.6","","67","","","","33","","17","","","M","100.59","","","","","","NA"
"-79.17","43.19","ST CATHARINES A","6137304","2014-10-24 02:00","2014","10","24","02:00","9.3","","4.7","","73","","","","32","","15","","","M","100.58","","","","","","NA"
"-79.17","43.19","ST CATHARINES A","6137304","2014-10-24 03:00","2014","10","24","03:00","8.0","","5.5","","84","","","","31","","7","","","M","100.61","","","","","","NA"
"-79.17","43.19","ST CATHARINES A","6137304","2014-10-24 04:00","2014","10","24","04:00","6.6","","5.4","","92","","","","31","","13","","","M","100.56","","","","","","NA"
"-79.17","43.19","ST CATHARINES A","6137304","2014-10-24 05:00","2014","10","24","05:00","6.8","","5.1","","89","","","","28","","10","","","M","100.56","","","","","","NA"
"-79.17","43.19","ST CATHARINES A","6137304","2014-10-24 06:00","2014","10","24","06:00","5.6","","4.7","","94","","","","27","","9","","","M","100.52","","","","","","NA"
"-79.17","43.19","ST CATHARINES A","6137304","2014-10-24 07:00","2014","10","24","07:00","7.0","","5.2","","88","","","","30","","11","","","M","100.53","","","","","","NA"
"-79.17","43.19","ST CATHARINES A","6137304","2014-10-24 08:00","2014","10","24","08:00","6.5","","4.7","","88","","","","30","","9","","","M","100.52","","","","","","NA"
"-79.17","43.19","ST CATHARINES A","6137304","2014-10-24 09:00","2014","10","24","09:00","3.1","","2.5","","96","","","","25","","8","","","M","100.54","","","","","","NA"
"-79.17","43.19","ST CATHARINES A","6137304","2014-10-24 10:00","2014","10","24","10:00","5.8","","4.3","","90","","","","29","","13","","","M","100.58","","","","","","NA"
"-79.17","43.19","ST CATHARINES A","6137304","2014-10-24 11:00","2014","10","24","11:00","1.7","","1.1","","96","","","","21","","11","","","M","100.60","","","","","","NA"
"-79.17","43.19","ST CATHARINES A","6137304","2014-10-24 12:00","2014","10","24","12:00","1.1","","0.4","","95","","","","19","","4","","","M","100.58","","","","","","NA"
"-79.17","43.19","ST CATHARINES A","6137304","2014-10-24 13:00","2014","10","24","13:00","5.3","","4.7","","96","","","","23","","9","","","M","100.61","","","","","","NA"
"-79.17","43.19","ST CATHARINES A","6137304","2014-10-24 14:00","2014","10","24","14:00","7.8","","6.0","","88","","","","23","","9","","","M","100.59","","","","","","NA"
"-79.17","43.19","ST CATHARINES A","6137304","2014-10-24 15:00","2014","10","24","15:00","8.8","","5.2","","78","","","","30","","17","","","M","100.56","","","","","","NA"
"-79.17","43.19","ST CATHARINES A","6137304","2014-10-24 16:00","2014","10","24","16:00","8.8","","4.6","","75","","","","30","","16","","","M","100.54","","","","","","NA"
"-79.17","43.19","ST CATHARINES A","6137304","2014-10-24 17:00","2014","10","24","17:00","10.9","","5.7","","70","","","","29","","16","","","M","100.47","","","","","","NA"
"-79.17","43.19","ST CATHARINES A","6137304","2014-10-24 18:00","2014","10","24","18:00","11.1","","5.2","","67","","","","29","","9","","","M","100.38","","","","","","NA"
"-79.17","43.19","ST CATHARINES A","6137304","2014-10-24 19:00","2014","10","24","19:00","11.9","","4.9","","62","","","","25","","12","","","M","100.32","","","","","","NA"
"-79.17","43.19","ST CATHARINES A","6137304","2014-10-24 20:00","2014","10","24","20:00","11.8","","4.8","","62","","","","23","","16","","","M","100.27","","","","","","NA"
"-79.17","43.19","ST CATHARINES A","6137304","2014-10-24 21:00","2014","10","24","21:00","12.8","","5.3","","60","","","","23","","16","","","M","100.25","","","","","","NA"
"-79.17","43.19","ST CATHARINES A","6137304","2014-10-24 22:00","2014","10","24","22:00","11.3","","5.2","","66","","","","22","","14","","","M","100.23","","","","","","NA"
"-79.17","43.19","ST CATHARINES A","6137304","2014-10-24 23:00","2014","10","24","23:00","8.9","","5.5","","79","","","","21","","12","","","M","100.25","","","","","","NA"
"-79.17","43.19","ST CATHARINES A","6137304","2014-10-25 00:00","2014","10","25","00:00","10.4","","6.8","","78","","","","22","","15","","","M","100.24","","","","","","NA"
"-79.17","43.19","ST CATHARINES A","6137304","2014-10-25 01:00","2014","10","25","01:00","10.2","","6.6","","78","","","","23","","17","","","M","100.24","","","","","","NA"
"-79.17","43.19","ST CATHARINES A","6137304","2014-10-25 02:00","2014","10","25","02:00","10.7","","6.9","","77","","","","23","","13","","","M","100.21","","","","","","NA"
"-79.17","43.19","ST CATHARINES A","6137304","2014-10-25 03:00","2014","10","25","03:00","11.3","","7.3","","76","","","","24","","13","","","M","100.21","","","","","","NA"
"-79.17","43.19","ST CATHARINES A","6137304","2014-10-25 04:00","2014","10","25","04:00","10.4","","7.5","","82","","","","23","","12","","","M","100.16","","","","","","NA"
"-79.17","43.19","ST CATHARINES A","6137304","2014-10-25 05:00","2014","10","25","05:00","10.9","","7.8","","81","","","","23","","12","","","M","100.13","","","","","","NA"
"-79.17","43.19","ST CATHARINES A","6137304","2014-10-25 06:00","2014","10","25","06:00","11.1","","8.0","","81","","","","22","","13","","","M","100.06","","","","","","NA"
"-79.17","43.19","ST CATHARINES A","6137304","2014-10-25 07:00","2014","10","25","07:00","10.8","","7.5","","80","","","","23","","13","","","M","100.01","","","","","","NA"
"-79.17","43.19","ST CATHARINES A","6137304","2014-10-25 08:00","2014","10","25","08:00","11.9","","7.8","","76","","","","23","","14","","","M","99.95","","","","","","NA"
"-79.17","43.19","ST CATHARINES A","6137304","2014-10-25 09:00","2014","10","25","09:00","11.0","","7.9","","81","","","","23","","14","","","M","99.90","","","","","","NA"
"-79.17","43.19","ST CATHARINES A","6137304","2014-10-25 10:00","2014","10","25","10:00","11.2","","8.1","","81","","","","23","","16","","","M","99.87","","","","","","NA"
"-79.17","43.19","ST CATHARINES A","6137304","2014-10-25 11:00","2014","10","25","11:00","12.2","","8.9","","80","","","","23","","21","","","M","99.82","","","","","","NA"
"-79.17","43.19","ST CATHARINES A","6137304","2014-10-25 12:00","2014","10","25","12:00","11.8","","9.0","","83","","","","21","","16","","","M","99.73","","","","","","NA"
"-79.17","43.19","ST CATHARINES A","6137304","2014-10-25 13:00","2014","10","25","13:00","13.0","","10.2","","83","","","","22","","17","","","M","99.71","","","","","","NA"
"-79.17","43.19","ST CATHARINES A","6137304","2014-10-25 14:00","2014","10","25","14:00","14.5","","11.7","","83","","","","23","","22","","","M","99.57","","","","","","NA"
"-79.17","43.19","ST CATHARINES A","6137304","2014-10-25 15:00","2014","10","25","15:00","16.2","","11.8","","75","","","","21","","25","","","M","99.43","","","","","","NA"
"-79.17","43.19","ST CATHARINES A","6137304","2014-10-25 16:00","2014","10","25","16:00","17.5","","11.8","","69","","","","22","","30","","","M","99.30","","","","","","NA"
"-79.17","43.19","ST CATHARINES A","6137304","2014-10-25 17:00","2014","10","25","17:00","16.3","","11.9","","75","","","","23","","32","","","M","99.20","","","","","","NA"
"-79.17","43.19","ST CATHARINES A","6137304","2014-10-25 18:00","2014","10","25","18:00","16.5","","12.3","","76","","","","23","","34","","","M","99.15","","","","","","NA"
"-79.17","43.19","ST CATHARINES A","6137304","2014-10-25 19:00","2014","10","25","19:00","15.6","","10.8","","73","","","","28","","30","","","M","99.16","","","","","","NA"
"-79.17","43.19","ST CATHARINES A","6137304","2014-10-25 20:00","2014","10","25","20:00","15.5","","10.7","","73","","","","28","","17","","","M","99.17","","","","","","NA"
"-79.17","43.19","ST CATHARINES A","6137304","2014-10-25 21:00","2014","10","25","21:00","16.1","","9.1","","63","","","","26","","19","","","M","99.16","","","","","","NA"
"-79.17","43.19","ST CATHARINES A","6137304","2014-10-25 22:00","2014","10","25","22:00","14.8","","8.8","","67","","","","25","","12","","","M","99.15","","","","","","NA"
"-79.17","43.19","ST CATHARINES A","6137304","2014-10-25 23:00","2014","10","25","23:00","13.5","","6.7","","63","","","","24","","11","","","M","99.15","","","","","","NA"
"-79.17","43.19","ST CATHARINES A","6137304","2014-10-26 00:00","2014","10","26","00:00","10.3","","6.7","","78","","","","18","","13","","","M","99.11","","","","","","NA"
"-79.17","43.19","ST CATHARINES A","6137304","2014-10-26 01:00","2014","10","26","01:00","13.5","","9.8","","78","","","","27","","18","","","M","99.09","","","","","","NA"
"-79.17","43.19","ST CATHARINES A","6137304","2014-10-26 02:00","2014","10","26","02:00","12.5","","5.2","","61","","","","32","","26","","","M","99.27","","","","","","NA"
"-79.17","43.19","ST CATHARINES A","6137304","2014-10-26 03:00","2014","10","26","03:00","10.3","","4.9","","69","","","","27","","14","","","M","99.26","","","","","","NA"
"-79.17","43.19","ST CATHARINES A","6137304","2014-10-26 04:00","2014","10","26","04:00","10.4","","5.0","","69","","","","29","","17","","","M","99.27","","","","","","NA"
"-79.17","43.19","ST CATHARINES A","6137304","2014-10-26 05:00","2014","10","26","05:00","9.8","","5.0","","72","","","","28","","19","","","M","99.27","","","","","","NA"
"-79.17","43.19","ST CATHARINES A","6137304","2014-10-26 06:00","2014","10","26","06:00","8.7","","4.5","","75","","","","23","","13","","","M","99.28","","","","","","NA"
"-79.17","43.19","ST CATHARINES A","6137304","2014-10-26 07:00","2014","10","26","07:00","8.3","","4.3","","76","","","","24","","18","","","M","99.30","","","","","","NA"
"-79.17","43.19","ST CATHARINES A","6137304","2014-10-26 08:00","2014","10","26","08:00","8.4","","3.9","","73","","","","24","","24","","","M","99.26","","","","","","NA"
"-79.17","43.19","ST CATHARINES A","6137304","2014-10-26 09:00","2014","10","26","09:00","8.3","","3.4","","71","","","","24","","21","","","M","99.30","","","","","","NA"
"-79.17","43.19","ST CATHARINES A","6137304","2014-10-26 10:00","2014","10","26","10:00","8.9","","3.1","","67","","","","24","","23","","","M","99.35","","","","","","NA"
"-79.17","43.19","ST CATHARINES A","6137304","2014-10-26 11:00","2014","10","26","11:00","9.1","","3.1","","66","","","","24","","25","","","M","99.39","","","","","","NA"
"-79.17","43.19","ST CATHARINES A","6137304","2014-10-26 12:00","2014","10","26","12:00","9.5","","3.7","","67","","","","27","","18","","","M","99.46","","","","","","NA"
"-79.17","43.19","ST CATHARINES A","6137304","2014-10-26 13:00","2014","10","26","13:00","10.5","","4.2","","65","","","","28","","24","","","M","99.51","","","","","","NA"
"-79.17","43.19","ST CATHARINES A","6137304","2014-10-26 14:00","2014","10","26","14:00","10.5","","4.2","","65","","","","28","","26","","","M","99.56","","","","","","NA"
"-79.17","43.19","ST CATHARINES A","6137304","2014-10-26 15:00","2014","10","26","15:00","10.7","","4.7","","66","","","","27","","26","","","M","99.62","","","","","","NA"
"-79.17","43.19","ST CATHARINES A","6137304","2014-10-26 16:00","2014","10","26","16:00","10.6","","5.0","","68","","","","28","","23","","","M","99.66","","","","","","NA"
"-79.17","43.19","ST CATHARINES A","6137304","2014-10-26 17:00","2014","10","26","17:00","10.7","","4.9","","67","","","","27","","29","","","M","99.70","","","","","","NA"
"-79.17","43.19","ST CATHARINES A","6137304","2014-10-26 18:00","2014","10","26","18:00","10.7","","4.9","","67","","","","27","","28","","","M","99.72","","","","","","NA"
"-79.17","43.19","ST CATHARINES A","6137304","2014-10-26 19:00","2014","10","26","19:00","10.8","","4.5","","65","","","","28","","27","","","M","99.73","","","","","","NA"
"-79.17","43.19","ST CATHARINES A","6137304","2014-10-26 20:00","2014","10","26","20:00","10.9","","4.6","","65","","","","28","","27","","","M","99.81","","","","","","NA"
"-79.17","43.19","ST CATHARINES A","6137304","2014-10-26 21:00","2014","10","26","21:00","10.7","","4.0","","63","","","","29","","25","","","M","99.89","","","","","","NA"
"-79.17","43.19","ST CATHARINES A","6137304","2014-10-26 22:00","2014","10","26","22:00","9.8","","3.4","","64","","","","29","","25","","","M","99.93","","","","","","NA"
"-79.17","43.19","ST CATHARINES A","6137304","2014-10-26 23:00","2014","10","26","23:00","8.9","","3.1","","67","","","","30","","19","","","M","100.00","","","","","","NA"
"-79.17","43.19","ST CATHARINES A","6137304","2014-10-27 00:00","2014","10","27","00:00","8.6","","3.7","","71","","","","29","","16","","","M","100.09","","","","","","NA"
"-79.17","43.19","ST CATHARINES A","6137304","2014-10-27 01:00","2014","10","27","01:00","7.1","","2.8","","74","","","","27","","12","","","M","100.14","","","","","","NA"
"-79.17","43.19","ST CATHARINES A","6137304","2014-10-27 02:00","2014","10","27","02:00","3.0","","1.4","","89","","","","23","","11","","","M","100.17","","","","","","NA"
"-79.17","43.19","ST CATHARINES A","6137304","2014-10-27 03:00","2014","10","27","03:00","2.8","","0.9","","87","","","","24","","9","","","M","100.16","","","","","","NA"
"-79.17","43.19","ST CATHARINES A","6137304","2014-10-27 04:00","2014","10","27","04:00","2.8","","1.3","","90","","","","23","","10","","","M","100.17","","","","","","NA"
"-79.17","43.19","ST CATHARINES A","6137304","2014-10-27 05:00","2014","10","27","05:00","3.5","","1.5","","87","","","","23","","8","","","M","100.19","","","","","","NA"
"-79.17","43.19","ST CATHARINES A","6137304","2014-10-27 06:00","2014","10","27","06:00","3.6","","2.0","","89","","","","24","","11","","","M","100.20","","","","","","NA"
"-79.17","43.19","ST CATHARINES A","6137304","2014-10-27 07:00","2014","10","27","07:00","3.7","","2.1","","89","","","","25","","11","","","M","100.23","","","","","","NA"
"-79.17","43.19","ST CATHARINES A","6137304","2014-10-27 08:00","2014","10","27","08:00","3.3","","2.3","","93","","","","25","","14","","","M","100.23","","","","","","NA"
"-79.17","43.19","ST CATHARINES A","6137304","2014-10-27 09:00","2014","10","27","09:00","2.4","","1.4","","93","","","","24","","4","","","M","100.28","","","","","","NA"
"-79.17","43.19","ST CATHARINES A","6137304","2014-10-27 10:00","2014","10","27","10:00","0.9","","0.2","","95","","","","24","","8","","","M","100.33","","","","","","NA"
"-79.17","43.19","ST CATHARINES A","6137304","2014-10-27 11:00","2014","10","27","11:00","1.7","","0.8","","94","","","","20","","8","","","M","100.37","","","","","","NA"
"-79.17","43.19","ST CATHARINES A","6137304","2014-10-27 12:00","2014","10","27","12:00","0.8","","0.2","","96","","","","22","","8","","","M","100.41","","","","","","NA"
"-79.17","43.19","ST CATHARINES A","6137304","2014-10-27 13:00","2014","10","27","13:00","4.5","","3.8","","95","","","","19","","6","","","M","100.47","","","","","","NA"
"-79.17","43.19","ST CATHARINES A","6137304","2014-10-27 14:00","2014","10","27","14:00","7.9","","5.2","","83","","","","","","0","","","M","100.52","","","","","","NA"
"-79.17","43.19","ST CATHARINES A","6137304","2014-10-27 15:00","2014","10","27","15:00","10.2","","5.6","","73","","","","18","","3","","","M","100.51","","","","","","NA"
"-79.17","43.19","ST CATHARINES A","6137304","2014-10-27 16:00","2014","10","27","16:00","12.1","","4.1","","58","","","","17","","5","","","M","100.46","","","","","","NA"
"-79.17","43.19","ST CATHARINES A","6137304","2014-10-27 17:00","2014","10","27","17:00","13.5","","5.2","","57","","","","18","","8","","","M","100.37","","","","","","NA"
"-79.17","43.19","ST CATHARINES A","6137304","2014-10-27 18:00","2014","10","27","18:00","14.6","","7.7","","63","","","","32","","5","","","M","100.25","","","","","","NA"
"-79.17","43.19","ST CATHARINES A","6137304","2014-10-27 19:00","2014","10","27","19:00","14.1","","7.9","","66","","","","2","","13","","","M","100.21","","","","","","NA"
"-79.17","43.19","ST CATHARINES A","6137304","2014-10-27 20:00","2014","10","27","20:00","13.9","","7.5","","65","","","","5","","10","","","M","100.15","","","","","","NA"
"-79.17","43.19","ST CATHARINES A","6137304","2014-10-27 21:00","2014","10","27","21:00","13.1","","8.6","","74","","","","1","","10","","","M","100.15","","","","","","NA"
"-79.17","43.19","ST CATHARINES A","6137304","2014-10-27 22:00","2014","10","27","22:00","12.1","","8.0","","76","","","","7","","13","","","M","99.95","","","","","","NA"
"-79.17","43.19","ST CATHARINES A","6137304","2014-10-27 23:00","2014","10","27","23:00","10.5","","7.0","","79","","","","6","","11","","","M","99.92","","","","","","NA"
"-79.17","43.19","ST CATHARINES A","6137304","2014-10-28 00:00","2014","10","28","00:00","10.8","","7.0","","77","","","","4","","4","","","M","99.87","","","","","","NA"
"-79.17","43.19","ST CATHARINES A","6137304","2014-10-28 01:00","2014","10","28","01:00","8.4","","5.9","","84","","","","10","","4","","","M","99.83","","","","","","NA"
"-79.17","43.19","ST CATHARINES A","6137304","2014-10-28 02:00","2014","10","28","02:00","9.5","","5.3","","75","","","","9","","8","","","M","99.74","","","","","","NA"
"-79.17","43.19","ST CATHARINES A","6137304","2014-10-28 03:00","2014","10","28","03:00","10.0","","6.2","","77","","","","23","","4","","","M","99.73","","","","","","NA"
"-79.17","43.19","ST CATHARINES A","6137304","2014-10-28 04:00","2014","10","28","04:00","10.0","","8.5","","90","","","","33","","9","","","M","99.81","","","","","","NA"
"-79.17","43.19","ST CATHARINES A","6137304","2014-10-28 05:00","2014","10","28","05:00","10.1","","8.9","","92","","","","15","","10","","","M","99.74","","","","","","NA"
"-79.17","43.19","ST CATHARINES A","6137304","2014-10-28 06:00","2014","10","28","06:00","9.9","","9.0","","94","","","","35","","8","","","M","99.69","","","","","","NA"
"-79.17","43.19","ST CATHARINES A","6137304","2014-10-28 07:00","2014","10","28","07:00","10.5","","9.7","","95","","","","","","0","","","M","99.67","","","","","","NA"
"-79.17","43.19","ST CATHARINES A","6137304","2014-10-28 08:00","2014","10","28","08:00","10.6","","9.8","","95","","","","30","","5","","","M","99.69","","","","","","NA"
"-79.17","43.19","ST CATHARINES A","6137304","2014-10-28 09:00","2014","10","28","09:00","10.4","","9.8","","96","","","","27","","6","","","M","99.68","","","","","","NA"
"-79.17","43.19","ST CATHARINES A","6137304","2014-10-28 10:00","2014","10","28","10:00","10.4","","9.8","","96","","","","","","0","","","M","99.67","","","","","","NA"
"-79.17","43.19","ST CATHARINES A","6137304","2014-10-28 11:00","2014","10","28","11:00","12.6","","11.5","","93","","","","20","","14","","","M","99.65","","","","","","NA"
"-79.17","43.19","ST CATHARINES A","6137304","2014-10-28 12:00","2014","10","28","12:00","17.1","","13.9","","81","","","","20","","16","","","M","99.64","","","","","","NA"
"-79.17","43.19","ST CATHARINES A","6137304","2014-10-28 13:00","2014","10","28","13:00","18.9","","14.2","","74","","","","20","","22","","","M","99.64","","","","","","NA"
"-79.17","43.19","ST CATHARINES A","6137304","2014-10-28 14:00","2014","10","28","14:00","21.1","","14.8","","67","","","","21","","23","","","M","99.60","","25","","","","NA"
"-79.17","43.19","ST CATHARINES A","6137304","2014-10-28 15:00","2014","10","28","15:00","22.9","","15.1","","61","","","","22","","35","","","M","99.57","","27","","","","NA"
"-79.17","43.19","ST CATHARINES A","6137304","2014-10-28 16:00","2014","10","28","16:00","22.5","","14.7","","61","","","","22","","36","","","M","99.53","","26","","","","NA"
"-79.17","43.19","ST CATHARINES A","6137304","2014-10-28 17:00","2014","10","28","17:00","21.7","","14.7","","64","","","","21","","36","","","M","99.48","","25","","","","NA"
"-79.17","43.19","ST CATHARINES A","6137304","2014-10-28 18:00","2014","10","28","18:00","22.5","","15.2","","63","","","","22","","39","","","M","99.40","","27","","","","NA"
"-79.17","43.19","ST CATHARINES A","6137304","2014-10-28 19:00","2014","10","28","19:00","20.8","","15.7","","72","","","","22","","32","","","M","99.39","","25","","","","NA"
"-79.17","43.19","ST CATHARINES A","6137304","2014-10-28 20:00","2014","10","28","20:00","21.6","","15.1","","66","","","","23","","35","","","M","99.43","","26","","","","NA"
"-79.17","43.19","ST CATHARINES A","6137304","2014-10-28 21:00","2014","10","28","21:00","21.1","","14.4","","65","","","","23","","26","","","M","99.45","","25","","","","NA"
"-79.17","43.19","ST CATHARINES A","6137304","2014-10-28 22:00","2014","10","28","22:00","20.1","","13.9","","67","","","","26","","31","","","M","99.51","","","","","","NA"
"-79.17","43.19","ST CATHARINES A","6137304","2014-10-28 23:00","2014","10","28","23:00","18.0","","14.4","","79","","","","26","","21","","","M","99.60","","","","","","NA"
"-79.17","43.19","ST CATHARINES A","6137304","2014-10-29 00:00","2014","10","29","00:00","15.9","","14.3","","90","","","","22","","16","","","M","99.66","","","","","","NA"
"-79.17","43.19","ST CATHARINES A","6137304","2014-10-29 01:00","2014","10","29","01:00","15.0","","13.7","","92","","","","21","","18","","","M","99.70","","","","","","NA"
"-79.17","43.19","ST CATHARINES A","6137304","2014-10-29 02:00","2014","10","29","02:00","14.5","","13.4","","93","","","","22","","19","","","M","99.75","","","","","","NA"
"-79.17","43.19","ST CATHARINES A","6137304","2014-10-29 03:00","2014","10","29","03:00","13.9","","12.6","","92","","","","22","","18","","","M","99.83","","","","","","NA"
"-79.17","43.19","ST CATHARINES A","6137304","2014-10-29 04:00","2014","10","29","04:00","13.3","","11.4","","88","","","","23","","20","","","M","99.82","","","","","","NA"
"-79.17","43.19","ST CATHARINES A","6137304","2014-10-29 05:00","2014","10","29","05:00","12.5","","10.1","","85","","","","23","","21","","","M","99.87","","","","","","NA"
"-79.17","43.19","ST CATHARINES A","6137304","2014-10-29 06:00","2014","10","29","06:00","11.3","","9.4","","88","","","","26","","12","","","M","99.93","","","","","","NA"
"-79.17","43.19","ST CATHARINES A","6137304","2014-10-29 07:00","2014","10","29","07:00","10.3","","5.7","","73","","","","25","","16","","","M","99.94","","","","","","NA"
"-79.17","43.19","ST CATHARINES A","6137304","2014-10-29 08:00","2014","10","29","08:00","9.7","","4.9","","72","","","","23","","15","","","M","99.95","","","","","","NA"
"-79.17","43.19","ST CATHARINES A","6137304","2014-10-29 09:00","2014","10","29","09:00","9.4","","4.6","","72","","","","23","","17","","","M","99.98","","","","","","NA"
"-79.17","43.19","ST CATHARINES A","6137304","2014-10-29 10:00","2014","10","29","10:00","9.2","","4.4","","72","","","","24","","13","","","M","100.00","","","","","","NA"
"-79.17","43.19","ST CATHARINES A","6137304","2014-10-29 11:00","2014","10","29","11:00","9.1","","4.0","","70","","","","24","","13","","","M","99.97","","","","","","NA"
"-79.17","43.19","ST CATHARINES A","6137304","2014-10-29 12:00","2014","10","29","12:00","9.4","","3.8","","68","","","","25","","15","","","M","100.01","","","","","","NA"
"-79.17","43.19","ST CATHARINES A","6137304","2014-10-29 13:00","2014","10","29","13:00","9.7","","3.9","","67","","","","25","","19","","","M","100.05","","","","","","NA"
"-79.17","43.19","ST CATHARINES A","6137304","2014-10-29 14:00","2014","10","29","14:00","9.9","","3.7","","65","","","","25","","21","","","M","100.07","","","","","","NA"
"-79.17","43.19","ST CATHARINES A","6137304","2014-10-29 15:00","2014","10","29","15:00","10.5","","4.2","","65","","","","25","","21","","","M","100.07","","","","","","NA"
"-79.17","43.19","ST CATHARINES A","6137304","2014-10-29 16:00","2014","10","29","16:00","12.9","","4.4","","56","","","","23","","23","","","M","100.08","","","","","","NA"
"-79.17","43.19","ST CATHARINES A","6137304","2014-10-29 17:00","2014","10","29","17:00","14.5","","1.8","","42","","","","26","","30","","","M","100.00","","","","","","NA"
"-79.17","43.19","ST CATHARINES A","6137304","2014-10-29 18:00","2014","10","29","18:00","13.3","","0.7","","42","","","","27","","30","","","M","99.96","","","","","","NA"
"-79.17","43.19","ST CATHARINES A","6137304","2014-10-29 19:00","2014","10","29","19:00","12.1","","2.1","","50","","","","27","","21","","","M","99.99","","","","","","NA"
"-79.17","43.19","ST CATHARINES A","6137304","2014-10-29 20:00","2014","10","29","20:00","11.6","","3.7","","58","","","","28","","26","","","M","100.03","","","","","","NA"
"-79.17","43.19","ST CATHARINES A","6137304","2014-10-29 21:00","2014","10","29","21:00","10.6","","3.9","","63","","","","27","","23","","","M","100.08","","","","","","NA"
"-79.17","43.19","ST CATHARINES A","6137304","2014-10-29 22:00","2014","10","29","22:00","10.2","","3.3","","62","","","","26","","17","","","M","100.11","","","","","","NA"
"-79.17","43.19","ST CATHARINES A","6137304","2014-10-29 23:00","2014","10","29","23:00","9.0","","3.4","","68","","","","28","","9","","","M","100.20","","","","","","NA"
"-79.17","43.19","ST CATHARINES A","6137304","2014-10-30 00:00","2014","10","30","00:00","9.1","","3.1","","66","","","","27","","19","","","M","100.25","","","","","","NA"
"-79.17","43.19","ST CATHARINES A","6137304","2014-10-30 01:00","2014","10","30","01:00","8.8","","3.5","","69","","","","29","","20","","","M","100.27","","","","","","NA"
"-79.17","43.19","ST CATHARINES A","6137304","2014-10-30 02:00","2014","10","30","02:00","8.8","","4.1","","72","","","","31","","17","","","M","100.33","","","","","","NA"
"-79.17","43.19","ST CATHARINES A","6137304","2014-10-30 03:00","2014","10","30","03:00","8.1","","4.2","","76","","","","29","","18","","","M","100.39","","","","","","NA"
"-79.17","43.19","ST CATHARINES A","6137304","2014-10-30 04:00","2014","10","30","04:00","7.7","","3.8","","76","","","","29","","17","","","M","100.37","","","","","","NA"
"-79.17","43.19","ST CATHARINES A","6137304","2014-10-30 05:00","2014","10","30","05:00","6.9","","3.2","","77","","","","29","","15","","","M","100.39","","","","","","NA"
"-79.17","43.19","ST CATHARINES A","6137304","2014-10-30 06:00","2014","10","30","06:00","6.2","","3.4","","82","","","","29","","15","","","M","100.42","","","","","","NA"
"-79.17","43.19","ST CATHARINES A","6137304","2014-10-30 07:00","2014","10","30","07:00","6.3","","3.5","","82","","","","29","","16","","","M","100.44","","","","","","NA"
"-79.17","43.19","ST CATHARINES A","6137304","2014-10-30 08:00","2014","10","30","08:00","5.7","","3.6","","86","","","","30","","12","","","M","100.46","","","","","","NA"
"-79.17","43.19","ST CATHARINES A","6137304","2014-10-30 09:00","2014","10","30","09:00","5.9","","3.6","","85","","","","29","","16","","","M","100.49","","","","","","NA"
"-79.17","43.19","ST CATHARINES A","6137304","2014-10-30 10:00","2014","10","30","10:00","5.4","","3.1","","85","","","","30","","15","","","M","100.56","","","","","","NA"
"-79.17","43.19","ST CATHARINES A","6137304","2014-10-30 11:00","2014","10","30","11:00","4.4","","2.8","","89","","","","29","","10","","","M","100.59","","","","","","NA"
"-79.17","43.19","ST CATHARINES A","6137304","2014-10-30 12:00","2014","10","30","12:00","4.1","","3.1","","93","","","","28","","9","","","M","100.63","","","","","","NA"
"-79.17","43.19","ST CATHARINES A","6137304","2014-10-30 13:00","2014","10","30","13:00","6.0","","4.5","","90","","","","25","","8","","","M","100.67","","","","","","NA"
"-79.17","43.19","ST CATHARINES A","6137304","2014-10-30 14:00","2014","10","30","14:00","7.3","","4.3","","81","","","","31","","12","","","M","100.71","","","","","","NA"
"-79.17","43.19","ST CATHARINES A","6137304","2014-10-30 15:00","2014","10","30","15:00","8.5","","4.4","","75","","","","33","","14","","","M","100.70","","","","","","NA"
"-79.17","43.19","ST CATHARINES A","6137304","2014-10-30 16:00","2014","10","30","16:00","8.6","","3.7","","71","","","","31","","9","","","M","100.73","","","","","","NA"
"-79.17","43.19","ST CATHARINES A","6137304","2014-10-30 17:00","2014","10","30","17:00","8.1","","3.2","","71","","","","34","","11","","","M","100.68","","","","","","NA"
"-79.17","43.19","ST CATHARINES A","6137304","2014-10-30 18:00","2014","10","30","18:00","8.9","","2.5","","64","","","","32","","13","","","M","100.64","","","","","","NA"
"-79.17","43.19","ST CATHARINES A","6137304","2014-10-30 19:00","2014","10","30","19:00","9.6","","2.0","","59","","","","30","","12","","","M","100.60","","","","","","NA"
"-79.17","43.19","ST CATHARINES A","6137304","2014-10-30 20:00","2014","10","30","20:00","9.2","","1.6","","59","","","","30","","9","","","M","100.58","","","","","","NA"
"-79.17","43.19","ST CATHARINES A","6137304","2014-10-30 21:00","2014","10","30","21:00","9.0","","1.9","","61","","","","29","","12","","","M","100.58","","","","","","NA"
"-79.17","43.19","ST CATHARINES A","6137304","2014-10-30 22:00","2014","10","30","22:00","8.2","","2.3","","66","","","","30","","8","","","M","100.59","","","","","","NA"
"-79.17","43.19","ST CATHARINES A","6137304","2014-10-30 23:00","2014","10","30","23:00","7.7","","2.0","","67","","","","27","","7","","","M","100.60","","","","","","NA"
"-79.17","43.19","ST CATHARINES A","6137304","2014-10-31 00:00","2014","10","31","00:00","6.8","","2.3","","73","","","","29","","7","","","M","100.60","","","","","","NA"
"-79.17","43.19","ST CATHARINES A","6137304","2014-10-31 01:00","2014","10","31","01:00","4.9","","2.1","","82","","","","21","","8","","","M","100.57","","","","","","NA"
"-79.17","43.19","ST CATHARINES A","6137304","2014-10-31 02:00","2014","10","31","02:00","5.3","","2.3","","81","","","","22","","7","","","M","100.54","","","","","","NA"
"-79.17","43.19","ST CATHARINES A","6137304","2014-10-31 03:00","2014","10","31","03:00","4.9","","2.8","","86","","","","22","","7","","","M","100.51","","","","","","NA"
"-79.17","43.19","ST CATHARINES A","6137304","2014-10-31 04:00","2014","10","31","04:00","5.8","","2.6","","80","","","","17","","6","","","M","100.46","","","","","","NA"
"-79.17","43.19","ST CATHARINES A","6137304","2014-10-31 05:00","2014","10","31","05:00","5.2","","2.9","","85","","","","18","","7","","","M","100.43","","","","","","NA"
"-79.17","43.19","ST CATHARINES A","6137304","2014-10-31 06:00","2014","10","31","06:00","5.1","","3.0","","86","","","","19","","7","","","M","100.40","","","","","","NA"
"-79.17","43.19","ST CATHARINES A","6137304","2014-10-31 07:00","2014","10","31","07:00","5.5","","3.2","","85","","","","21","","7","","","M","100.37","","","","","","NA"
"-79.17","43.19","ST CATHARINES A","6137304","2014-10-31 08:00","2014","10","31","08:00","5.7","","4.0","","89","","","","21","","5","","","M","100.36","","","","","","NA"
"-79.17","43.19","ST CATHARINES A","6137304","2014-10-31 09:00","2014","10","31","09:00","5.6","","4.1","","90","","","","13","","7","","","M","100.30","","","","","","NA"
"-79.17","43.19","ST CATHARINES A","6137304","2014-10-31 10:00","2014","10","31","10:00","5.6","","4.3","","91","","","","12","","4","","","M","100.30","","","","","","NA"
"-79.17","43.19","ST CATHARINES A","6137304","2014-10-31 11:00","2014","10","31","11:00","5.8","","4.3","","90","","","","12","","3","","","M","100.28","","","","","","NA"
"-79.17","43.19","ST CATHARINES A","6137304","2014-10-31 12:00","2014","10","31","12:00","5.8","","4.9","","94","","","","3","","3","","","M","100.28","","","","","","NA"
"-79.17","43.19","ST CATHARINES A","6137304","2014-10-31 13:00","2014","10","31","13:00","6.2","","5.6","","96","","","","10","","5","","","M","100.28","","","","","","NA"
"-79.17","43.19","ST CATHARINES A","6137304","2014-10-31 14:00","2014","10","31","14:00","6.6","","6.0","","96","","","","8","","7","","","M","100.25","","","","","","NA"
"-79.17","43.19","ST CATHARINES A","6137304","2014-10-31 15:00","2014","10","31","15:00","7.3","","6.6","","95","","","","9","","8","","","M","100.20","","","","","","NA"
"-79.17","43.19","ST CATHARINES A","6137304","2014-10-31 16:00","2014","10","31","16:00","7.9","","7.2","","95","","","","9","","9","","","M","100.17","","","","","","NA"
"-79.17","43.19","ST CATHARINES A","6137304","2014-10-31 17:00","2014","10","31","17:00","8.9","","6.5","","85","","","","13","","13","","","M","100.12","","","","","","NA"
"-79.17","43.19","ST CATHARINES A","6137304","2014-10-31 18:00","2014","10","31","18:00","8.1","","6.6","","90","","","","26","","3","","","M","100.07","","","","","","NA"
"-79.17","43.19","ST CATHARINES A","6137304","2014-10-31 19:00","2014","10","31","19:00","8.8","","5.4","","79","","","","23","","6","","","M","100.05","","","","","","NA"
"-79.17","43.19","ST CATHARINES A","6137304","2014-10-31 20:00","2014","10","31","20:00","8.4","","7.0","","91","","","","34","","5","","","M","100.06","","","","","","NA"
"-79.17","43.19","ST CATHARINES A","6137304","2014-10-31 21:00","2014","10","31","21:00","7.1","","6.1","","93","","","","30","","4","","","M","100.09","","","","","","NA"
"-79.17","43.19","ST CATHARINES A","6137304","2014-10-31 22:00","2014","10","31","22:00","7.0","","6.4","","96","","","","29","","5","","","M","100.14","","","","","","NA"
"-79.17","43.19","ST CATHARINES A","6137304","2014-10-31 23:00","2014","10","31","23:00","6.3","","5.4","","94","","","","30","","6","","","M","100.20","","","","","","NA"
